-20.0333,0.0000,-17.7352,0.000125
-20.1162,0.0000,-17.7347,0.000503
-20.1998,0.0000,-17.7342,0.000874
-20.2839,0.0000,-17.7337,0.001246
-20.3688,0.0000,-17.7332,0.001631
-20.4550,0.0000,-17.7327,0.002024
-20.5370,0.0000,-17.7322,0.002381
-20.6211,0.0000,-17.7317,0.002759
-20.7141,0.0000,-17.7311,0.003173
-20.8035,0.0000,-17.7305,0.003573
-20.8962,0.0000,-17.7300,0.003994
-20.9923,0.0000,-17.7294,0.004415
-21.0997,0.0000,-17.7287,0.004900
-21.2112,0.0000,-17.7280,0.005393
-21.3098,0.0000,-17.7273,0.005828
-21.4287,0.0000,-17.7266,0.006357
-21.5426,0.0000,-17.7258,0.006871
-21.6600,0.0000,-17.7250,0.007390
-21.7903,0.0000,-17.7242,0.007960
-21.9148,0.0000,-17.7233,0.008508
-22.0428,0.0000,-17.7224,0.009078
-22.1640,0.0000,-17.7216,0.009612
-22.2881,0.0000,-17.7207,0.010161
-22.4259,0.0000,-17.7198,0.010766
-22.5557,0.0000,-17.7188,0.011321
-22.6762,0.0000,-17.7180,0.011855
-22.8200,0.0000,-17.7169,0.012488
-22.9535,0.0000,-17.7160,0.013072
-23.0989,0.0000,-17.7149,0.013712
-23.2450,0.0000,-17.7138,0.014352
-23.3805,0.0000,-17.7128,0.014933
-23.5391,0.0000,-17.7117,0.015620
-23.6869,0.0000,-17.7106,0.016253
-23.8350,0.0000,-17.7095,0.016885
-23.9835,0.0000,-17.7083,0.017525
-24.1439,0.0000,-17.7071,0.018212
-24.2817,0.0000,-17.7061,0.018804
-24.4313,0.0000,-17.7049,0.019443
-24.5698,0.0000,-17.7038,0.020035
-24.7085,0.0000,-17.7027,0.020619
-24.8360,0.0000,-17.7017,0.021162
-24.9754,0.0000,-17.7006,0.021748
-25.0918,0.0000,-17.6997,0.022237
-25.2201,0.0000,-17.6987,0.022766
-25.3486,0.0000,-17.6977,0.023301
-25.4657,0.0000,-17.6967,0.023783
-25.5830,0.0000,-17.6958,0.024272
-25.7124,0.0000,-17.6947,0.024807
-25.8419,0.0000,-17.6937,0.025343
-25.9718,0.0000,-17.6926,0.025871
-26.1019,0.0000,-17.6915,0.026414
-26.2442,0.0000,-17.6903,0.026989
-26.3867,0.0000,-17.6891,0.027572
-26.5296,0.0000,-17.6879,0.028161
-26.6728,0.0000,-17.6867,0.028734
-26.8284,0.0000,-17.6854,0.029345
-26.9722,0.0000,-17.6842,0.029918
-27.1164,0.0000,-17.6829,0.030491
-27.2610,0.0000,-17.6817,0.031057
-27.3937,0.0000,-17.6805,0.031571
-27.5389,0.0000,-17.6793,0.032144
-27.6722,0.0000,-17.6781,0.032665
-27.8059,0.0000,-17.6769,0.033179
-27.9400,0.0000,-17.6757,0.033706
-28.0746,0.0000,-17.6745,0.034227
-28.1979,0.0000,-17.6734,0.034702
-28.3347,0.0000,-17.6722,0.035213
-28.4729,0.0000,-17.6709,0.035733
-28.5996,0.0000,-17.6697,0.036209
-28.7275,0.0000,-17.6686,0.036684
-28.8565,0.0000,-17.6674,0.037166
-28.9867,0.0000,-17.6661,0.037642
-29.1309,0.0000,-17.6648,0.038169
-29.2760,0.0000,-17.6634,0.038708
-29.4215,0.0000,-17.6620,0.039241
-29.5804,0.0000,-17.6605,0.039811
-29.7262,0.0000,-17.6591,0.040325
-29.8851,0.0000,-17.6576,0.040890
-30.0439,0.0000,-17.6561,0.041448
-30.1894,0.0000,-17.6547,0.041966
-30.3480,0.0000,-17.6531,0.042519
-30.5065,0.0000,-17.6516,0.043071
-30.6516,0.0000,-17.6502,0.043556
-30.7967,0.0000,-17.6488,0.044046
-30.9416,0.0000,-17.6473,0.044525
-31.0865,0.0000,-17.6459,0.045022
-31.2181,0.0000,-17.6446,0.045456
-31.3628,0.0000,-17.6431,0.045953
-31.5073,0.0000,-17.6417,0.046400
-31.6387,0.0000,-17.6404,0.046847
-31.7830,0.0000,-17.6389,0.047288
-31.9273,0.0000,-17.6374,0.047760
-32.0715,0.0000,-17.6360,0.048234
-32.2025,0.0000,-17.6346,0.048650
-32.3595,0.0000,-17.6330,0.049145
-32.5034,0.0000,-17.6316,0.049573
-32.6472,0.0000,-17.6301,0.050020
-32.8039,0.0000,-17.6284,0.050503
-32.9475,0.0000,-17.6270,0.050937
-33.1040,0.0000,-17.6253,0.051402
-33.2603,0.0000,-17.6237,0.051885
-33.4166,0.0000,-17.6220,0.052344
-33.5597,0.0000,-17.6205,0.052766
-33.7157,0.0000,-17.6189,0.053231
-33.8587,0.0000,-17.6173,0.053641
-34.0145,0.0000,-17.6157,0.054063
-34.1572,0.0000,-17.6142,0.054494
-34.3127,0.0000,-17.6125,0.054912
-34.4423,0.0000,-17.6111,0.055288
-34.5847,0.0000,-17.6095,0.055688
-34.7270,0.0000,-17.6080,0.056063
-34.8692,0.0000,-17.6065,0.056451
-34.9984,0.0000,-17.6050,0.056803
-35.1404,0.0000,-17.6035,0.057190
-35.2824,0.0000,-17.6019,0.057548
-35.4113,0.0000,-17.6005,0.057911
-35.5530,0.0000,-17.5989,0.058269
-35.6946,0.0000,-17.5974,0.058633
-35.8233,0.0000,-17.5959,0.058954
-35.9648,0.0000,-17.5943,0.059329
-36.1189,0.0000,-17.5926,0.059735
-36.2602,0.0000,-17.5910,0.060063
-36.4014,0.0000,-17.5894,0.060438
-36.5552,0.0000,-17.5876,0.060806
-36.6962,0.0000,-17.5860,0.061162
-36.8498,0.0000,-17.5841,0.061512
-36.9905,0.0000,-17.5825,0.061862
-37.1439,0.0000,-17.5807,0.062236
-37.2845,0.0000,-17.5790,0.062562
-37.4249,0.0000,-17.5773,0.062894
-37.5652,0.0000,-17.5756,0.063196
-37.7055,0.0000,-17.5739,0.063552
-37.8457,0.0000,-17.5721,0.063854
-37.9878,0.0000,-17.5701,0.064186
-38.1321,0.0000,-17.5659,0.064506
-38.2758,0.0000,-17.5581,0.064825
-38.4051,0.0000,-17.5485,0.065097
-38.5605,0.0000,-17.5349,0.065465
-38.6895,0.0000,-17.5219,0.065749
-38.8311,0.0000,-17.5064,0.066081
-38.9595,0.0000,-17.4912,0.066364
-39.1014,0.0000,-17.4733,0.066678
-39.2455,0.0000,-17.4526,0.066992
-39.3763,0.0000,-17.4299,0.067282
-39.5327,0.0000,-17.3972,0.067638
-39.6861,0.0000,-17.3585,0.067994
-39.8205,0.0000,-17.3193,0.068338
-39.9657,0.0000,-17.2752,0.068682
-40.0975,0.0000,-17.2361,0.068996
-40.2278,0.0000,-17.1993,0.069316
-40.3566,0.0000,-17.1653,0.069642
-40.4994,0.0000,-17.1307,0.069980
-40.6210,0.0000,-17.1008,0.070264
-40.7513,0.0000,-17.0658,0.070578
-40.8780,0.0000,-17.0308,0.070916
-40.9926,0.0000,-17.0007,0.071187
-41.1210,0.0000,-16.9691,0.071495
-41.2377,0.0000,-16.9410,0.071761
-41.3659,0.0000,-16.9104,0.072057
-41.4941,0.0000,-16.8799,0.072340
-41.6112,0.0000,-16.8519,0.072630
-41.7305,0.0000,-16.8223,0.072908
-41.8621,0.0000,-16.7866,0.073193
-41.9816,0.0000,-16.7506,0.073460
-42.1126,0.0000,-16.7069,0.073793
-42.2309,0.0000,-16.6629,0.074059
-42.3596,0.0000,-16.6096,0.074362
-42.4979,0.0000,-16.5451,0.074707
-42.6219,0.0000,-16.4801,0.074998
-42.7535,0.0000,-16.4027,0.075350
-42.8702,0.0000,-16.3259,0.075646
-42.9906,0.0000,-16.2375,0.075998
-43.0950,0.0000,-16.1519,0.076288
-43.1942,0.0000,-16.0615,0.076591
-43.2884,0.0000,-15.9667,0.076906
-43.3696,0.0000,-15.8774,0.077179
-43.4539,0.0000,-15.7760,0.077488
-43.5330,0.0000,-15.6721,0.077754
-43.6069,0.0000,-15.5659,0.078063
-43.6755,0.0000,-15.4580,0.078342
-43.7327,0.0000,-15.3596,0.078621
-43.7907,0.0000,-15.2528,0.078887
-43.8416,0.0000,-15.1569,0.079136
-43.8961,0.0000,-15.0532,0.079441
-43.9446,0.0000,-14.9609,0.079648
-43.9972,0.0000,-14.8620,0.079977
-44.0448,0.0000,-14.7746,0.080227
-44.0924,0.0000,-14.6895,0.080501
-44.1405,0.0000,-14.6066,0.080781
-44.1941,0.0000,-14.5178,0.081043
-44.2438,0.0000,-14.4394,0.081311
-44.3005,0.0000,-14.3546,0.081586
-44.3592,0.0000,-14.2692,0.081854
-44.4180,0.0000,-14.1838,0.082170
-44.4767,0.0000,-14.0982,0.082438
-44.5363,0.0000,-14.0104,0.082731
-44.5951,0.0000,-13.9197,0.083011
-44.6466,0.0000,-13.8351,0.083261
-44.7007,0.0000,-13.7397,0.083578
-44.7473,0.0000,-13.6510,0.083785
-44.7934,0.0000,-13.5552,0.084102
-44.8375,0.0000,-13.4620,0.084388
-44.8785,0.0000,-13.3792,0.084625
-44.9247,0.0000,-13.2904,0.084906
-44.9680,0.0000,-13.2120,0.085168
-45.0147,0.0000,-13.1318,0.085407
-45.0663,0.0000,-13.0403,0.085714
-45.1114,0.0000,-12.9548,0.085953
-45.1544,0.0000,-12.8670,0.086198
-45.1934,0.0000,-12.7805,0.086437
-45.2307,0.0000,-12.6960,0.086738
-45.2694,0.0000,-12.6129,0.086977
-45.3095,0.0000,-12.5315,0.087217
-45.3560,0.0000,-12.4429,0.087505
-45.4011,0.0000,-12.3596,0.087769
-45.4453,0.0000,-12.2740,0.088057
-45.4958,0.0000,-12.1687,0.088346
-45.5389,0.0000,-12.0698,0.088634
-45.5785,0.0000,-11.9688,0.088916
-45.6173,0.0000,-11.8563,0.089204
-45.6459,0.0000,-11.7610,0.089511
-45.6730,0.0000,-11.6548,0.089744
-45.6952,0.0000,-11.5475,0.090027
-45.7108,0.0000,-11.4493,0.090235
-45.7225,0.0000,-11.3434,0.090499
-45.7288,0.0000,-11.2480,0.090695
-45.7319,0.0000,-11.1436,0.090959
-45.7318,0.0000,-11.0401,0.091211
-45.7287,0.0000,-10.9388,0.091444
-45.7241,0.0000,-10.8419,0.091660
-45.7202,0.0000,-10.7472,0.091895
-45.7171,0.0000,-10.6464,0.092142
-45.7154,0.0000,-10.5565,0.092328
-45.7153,0.0000,-10.4689,0.092581
-45.7168,0.0000,-10.3755,0.092828
-45.7199,0.0000,-10.2915,0.093045
-45.7252,0.0000,-10.2016,0.093286
-45.7329,0.0000,-10.1133,0.093539
-45.7431,0.0000,-10.0233,0.093817
-45.7535,0.0000,-9.9325,0.094052
-45.7629,0.0000,-9.8491,0.094312
-45.7738,0.0000,-9.7505,0.094578
-45.7830,0.0000,-9.6663,0.094800
-45.7920,0.0000,-9.5710,0.095060
-45.7979,0.0000,-9.4743,0.095313
-45.8004,0.0000,-9.3766,0.095554
-45.7987,0.0000,-9.2706,0.095814
-45.7946,0.0000,-9.1794,0.096074
-45.7926,0.0000,-9.0975,0.096284
-45.7930,0.0000,-9.0030,0.096550
-45.7962,0.0000,-8.9174,0.096816
-45.8024,0.0000,-8.8230,0.097063
-45.8081,0.0000,-8.7348,0.097347
-45.8136,0.0000,-8.6464,0.097607
-45.8188,0.0000,-8.5574,0.097836
-45.8242,0.0000,-8.4669,0.098066
-45.8297,0.0000,-8.3745,0.098365
-45.8355,0.0000,-8.2802,0.098627
-45.8413,0.0000,-8.1836,0.098882
-45.8467,0.0000,-8.0816,0.099169
-45.8491,0.0000,-7.9686,0.099480
-45.8470,0.0000,-7.8541,0.099785
-45.8406,0.0000,-7.7492,0.100059
-45.8324,0.0000,-7.6503,0.100315
-45.8264,0.0000,-7.5451,0.100638
-45.8237,0.0000,-7.4577,0.100900
-45.8238,0.0000,-7.3551,0.101199
-45.8257,0.0000,-7.2583,0.101467
-45.8273,0.0000,-7.1613,0.101766
-45.8285,0.0000,-7.0724,0.102021
-45.8296,0.0000,-6.9755,0.102314
-45.8307,0.0000,-6.8787,0.102588
-45.8319,0.0000,-6.7820,0.102887
-45.8331,0.0000,-6.6934,0.103117
-45.8344,0.0000,-6.5968,0.103435
-45.8355,0.0000,-6.5084,0.103696
-45.8367,0.0000,-6.4119,0.103945
-45.8379,0.0000,-6.3149,0.104270
-45.8390,0.0000,-6.2160,0.104546
-45.8396,0.0000,-6.1117,0.104859
-45.8370,0.0000,-5.9941,0.105179
-45.8315,0.0000,-5.8872,0.105505
-45.8265,0.0000,-5.7825,0.105813
-45.8242,0.0000,-5.6777,0.106132
-45.8239,0.0000,-5.5709,0.106452
-45.8236,0.0000,-5.4640,0.106778
-45.8234,0.0000,-5.3569,0.107098
-45.8230,0.0000,-5.2499,0.107418
-45.8224,0.0000,-5.1519,0.107725
-45.8218,0.0000,-5.0451,0.108039
-45.8212,0.0000,-4.9384,0.108390
-45.8207,0.0000,-4.8318,0.108722
-45.8202,0.0000,-4.7253,0.109036
-45.8197,0.0000,-4.6180,0.109399
-45.8190,0.0000,-4.5085,0.109719
-45.8179,0.0000,-4.3941,0.110033
-45.8149,0.0000,-4.2847,0.110403
-45.8082,0.0000,-4.1618,0.110755
-45.7977,0.0000,-4.0386,0.111108
-45.7855,0.0000,-3.9192,0.111455
-45.7753,0.0000,-3.8005,0.111859
-45.7686,0.0000,-3.6925,0.112193
-45.7641,0.0000,-3.5825,0.112534
-45.7596,0.0000,-3.4623,0.112912
-45.7559,0.0000,-3.3622,0.113215
-45.7513,0.0000,-3.2422,0.113625
-45.7468,0.0000,-3.1322,0.113960
-45.7423,0.0000,-3.0223,0.114300
-45.7378,0.0000,-2.9126,0.114666
-45.7335,0.0000,-2.8029,0.115013
-45.7288,0.0000,-2.6834,0.115385
-45.7245,0.0000,-2.5739,0.115726
-45.7201,0.0000,-2.4645,0.116079
-45.7157,0.0000,-2.3552,0.116420
-45.7109,0.0000,-2.2359,0.116805
-45.7064,0.0000,-2.1260,0.117165
-45.7020,0.0000,-2.0141,0.117520
-45.6969,0.0000,-1.8892,0.117919
-45.6922,0.0000,-1.7722,0.118300
-45.6869,0.0000,-1.6418,0.118725
-45.6815,0.0000,-1.5087,0.119169
-45.6761,0.0000,-1.3744,0.119574
-45.6711,0.0000,-1.2509,0.119993
-45.6656,0.0000,-1.1162,0.120449
-45.6606,0.0000,-0.9927,0.120843
-45.6551,-0.0000,-0.8580,0.121299
-45.6501,0.0000,-0.7346,0.121680
-45.6446,-0.0000,-0.6001,0.122123
-45.6391,-0.0000,-0.4657,0.122574
-45.6341,-0.0000,-0.3427,0.122979
-45.6286,0.0000,-0.2086,0.123411
-45.6236,-0.0000,-0.0857,0.123805
-45.6186,0.0000,0.0370,0.124206
-45.6136,-0.0000,0.1597,0.124639
-45.6086,-0.0000,0.2823,0.125053
-45.6036,-0.0000,0.4048,0.125454
-45.5986,-0.0000,0.5272,0.125856
-45.5936,-0.0000,0.6494,0.126270
-45.5883,-0.0000,0.7824,0.126690
-45.5836,-0.0000,0.9044,0.127104
-45.5786,-0.0000,1.0374,0.127569
-45.5739,-0.0000,1.1595,0.127970
-45.5687,-0.0000,1.2924,0.128409
-45.5639,-0.0000,1.4141,0.128811
-45.5586,-0.0000,1.5467,0.129244
-45.5535,-0.0000,1.6792,0.129696
-45.5484,-0.0000,1.8116,0.130148
-45.5437,-0.0000,1.9329,0.130558
-45.5387,-0.0000,2.0652,0.130999
-45.5340,-0.0000,2.1864,0.131401
-45.5293,-0.0000,2.3074,0.131817
-45.5242,-0.0000,2.4394,0.132258
-45.5198,-0.0000,2.5493,0.132635
-45.5151,-0.0000,2.6701,0.133019
-45.5104,-0.0000,2.7908,0.133422
-45.5057,-0.0000,2.9113,0.133818
-45.5010,-0.0000,3.0319,0.134240
-45.4959,-0.0000,3.1632,0.134675
-45.4912,-0.0000,3.2835,0.135071
-45.4865,-0.0000,3.4036,0.135468
-45.4819,-0.0000,3.5237,0.135858
-45.4770,-0.0000,3.6546,0.136318
-45.4724,-0.0000,3.7745,0.136695
-45.4679,-0.0000,3.8943,0.137106
-45.4634,-0.0000,4.0140,0.137523
-45.4586,-0.0000,4.1444,0.137960
-45.4539,-0.0000,4.2741,0.138396
-45.4503,-0.0000,4.3925,0.138781
-45.4471,-0.0000,4.5221,0.139217
-45.4442,-0.0000,4.6520,0.139654
-45.4411,-0.0000,4.7717,0.140051
-45.4372,-0.0000,4.9015,0.140462
-45.4335,-0.0000,5.0205,0.140866
-45.4297,-0.0000,5.1395,0.141258
-45.4259,-0.0000,5.2584,0.141643
-45.4216,-0.0000,5.3879,0.142079
-45.4178,-0.0000,5.5065,0.142477
-45.4139,-0.0000,5.6251,0.142849
-45.4100,-0.0000,5.7435,0.143273
-45.4062,-0.0000,5.8619,0.143634
-45.4023,-0.0000,5.9802,0.144027
-45.3984,-0.0000,6.0983,0.144413
-45.3945,-0.0000,6.2164,0.144799
-45.3906,-0.0000,6.3344,0.145205
-45.3868,-0.0000,6.4523,0.145598
-45.3826,-0.0000,6.5808,0.145985
-45.3787,-0.0000,6.6985,0.146378
-45.3748,-0.0000,6.8162,0.146790
-45.3706,-0.0000,6.9444,0.147196
-45.3664,-0.0000,7.0725,0.147601
-45.3625,-0.0000,7.1898,0.147968
-45.3580,-0.0000,7.3284,0.148413
-45.3538,-0.0000,7.4561,0.148832
-45.3495,-0.0000,7.5838,0.149237
-45.3453,-0.0000,7.7114,0.149617
-45.3415,-0.0000,7.8282,0.153037
-45.3373,-0.0000,7.9556,0.153121
-45.3288,-0.0000,8.2100,0.153472
-45.3246,-0.0000,8.3371,0.153609
-45.3208,-0.0000,8.4534,0.153732
-45.3169,-0.0000,8.5697,0.153856
-45.3127,-0.0000,8.6965,0.153999
-45.3092,-0.0000,8.8020,0.154103
-45.3057,-0.0000,8.9075,0.154214
-45.3015,-0.0000,9.0339,0.154344
-45.2976,-0.0000,9.1497,0.154474
-45.2937,-0.0000,9.2655,0.154591
-45.2902,-0.0000,9.3706,0.154708
-45.2860,-0.0000,9.4967,0.154786
-45.2818,-0.0000,9.6227,0.154994
-45.2778,-0.0000,9.7381,0.155131
-45.2736,-0.0000,9.8639,0.155261
-45.2693,-0.0000,9.9895,0.155410
-45.2650,-0.0000,10.1151,0.155560
-45.2607,-0.0000,10.2406,0.155709
-45.2568,-0.0000,10.3555,0.155840
-45.2525,-0.0000,10.4807,0.156002
-45.2481,-0.0000,10.6059,0.156152
-45.2438,-0.0000,10.7309,0.156308
-45.2395,-0.0000,10.8558,0.156451
-45.1803,-0.0000,12.4710,0.162557
-45.1759,-0.0000,12.5844,0.162918
-45.1705,-0.0000,12.7110,0.163379
-45.1618,-0.0000,12.8393,0.163800
-45.1490,-0.0000,12.9683,0.164200
-45.1331,-0.0000,13.0869,0.164581
-45.1108,-0.0000,13.2162,0.165002
-45.0828,-0.0000,13.3449,0.165443
-45.0522,-0.0000,13.4612,0.165824
-45.0151,-0.0000,13.5817,0.166225
-44.9792,-0.0000,13.6914,0.166606
-44.9415,-0.0000,13.8019,0.166966
-44.8965,-0.0000,13.9229,0.167387
-44.8554,-0.0000,14.0219,0.167688
-44.8064,-0.0000,14.1281,0.168089
-44.7557,-0.0000,14.2266,0.168429
-44.7026,-0.0000,14.3219,0.168790
-44.6548,-0.0000,14.4074,0.169131
-44.6085,-0.0000,14.4921,0.169452
-44.5594,-0.0000,14.5839,0.169832
-44.5129,-0.0000,14.6742,0.170173
-44.4692,-0.0000,14.7634,0.170554
-44.4280,-0.0000,14.8519,0.170915
-44.3926,-0.0000,14.9320,0.171215
-44.3529,-0.0000,15.0254,0.176981
-43.4648,-0.0000,16.2759,0.177022
-43.4053,-0.0000,16.3422,0.177140
-43.3535,-0.0000,16.4024,0.177251
-43.2994,-0.0000,16.4686,0.177362
-43.2477,-0.0000,16.5350,0.177473
-43.1969,-0.0000,16.6036,0.177577
-43.1430,-0.0000,16.6757,0.177695
-43.0805,-0.0000,16.7533,0.177806
-43.0202,-0.0000,16.8229,0.177917
-42.9587,-0.0000,16.8887,0.178021
-42.8945,-0.0000,16.9562,0.178139
-42.8385,-0.0000,17.0184,0.178229
-42.7805,-0.0000,17.0865,0.178347
-42.7212,-0.0000,17.1599,0.178458
-42.6583,-0.0000,17.2338,0.178562
-42.5977,-0.0000,17.3001,0.178680
-42.5223,-0.0000,17.3759,0.178777
-42.4554,-0.0000,17.4375,0.178874
-42.3791,-0.0000,17.5015,0.178964
-42.2997,-0.0000,17.5619,0.179048
-42.2244,-0.0000,17.6137,0.179152
-42.1470,-0.0000,17.6617,0.179228
-42.0611,-0.0000,17.7092,0.179318
-41.9832,-0.0000,17.7472,0.179394
-41.9051,-0.0000,17.7820,0.179464
-41.8267,-0.0000,17.8144,0.179540
-41.7479,-0.0000,17.8441,0.179595
-41.6735,-0.0000,17.8697,0.179665
-41.6019,-0.0000,17.8947,0.179720
-41.5326,-0.0000,17.9203,0.179797
-41.4656,-0.0000,17.9460,0.179845
-41.4013,-0.0000,17.9720,0.179935
-41.3394,-0.0000,17.9984,0.179998
-41.2796,-0.0000,18.0253,0.180067
-41.2164,-0.0000,18.0553,0.180129
-41.1602,-0.0000,18.0837,0.180192
-41.1009,-0.0000,18.1156,0.180532
-40.8623,-0.0000,18.2514,0.180573
-40.7935,-0.0000,18.2841,0.180663
-40.7232,-0.0000,18.3143,0.180747
-40.6514,-0.0000,18.3417,0.180823
-40.5846,-0.0000,18.3640,0.180913
-40.5169,-0.0000,18.3835,0.180989
-40.4530,-0.0000,18.3992,0.181045
-40.3929,-0.0000,18.4143,0.184152
-40.3350,-0.0000,18.4313,0.184290
-40.2790,-0.0000,18.4491,0.184455
-40.2189,-0.0000,18.4705,0.184621
-40.1644,-0.0000,18.4913,0.184759
-40.1052,-0.0000,18.5154,0.184946
-40.0512,-0.0000,18.5389,0.185111
-39.9895,-0.0000,18.5673,0.185325
-39.9265,-0.0000,18.5959,0.185512
-39.8630,-0.0000,18.6245,0.185684
-39.8046,-0.0000,18.6508,0.185850
-39.7386,-0.0000,18.6801,0.186030
-39.6754,-0.0000,18.7060,0.186230
-39.6047,-0.0000,18.7321,0.186396
-39.5387,-0.0000,18.7538,0.186561
-39.4656,-0.0000,18.7749,0.186713
-39.3978,-0.0000,18.7916,0.186893
-39.3232,-0.0000,18.8066,0.187045
-39.2542,-0.0000,18.8171,0.187210
-39.1851,-0.0000,18.8243,0.187321
-39.1161,-0.0000,18.8280,0.187466
-39.0476,-0.0000,18.8283,0.187563
-38.9886,-0.0000,18.8260,0.187687
-38.9273,-0.0000,18.8222,0.187783
-38.8643,-0.0000,18.8198,0.187901
-38.8085,-0.0000,18.8197,0.188011
-38.7504,-0.0000,18.8204,0.188122
-38.6995,-0.0000,18.8223,0.188260
-38.6458,-0.0000,18.8257,0.188350
-38.5938,-0.0000,18.8300,0.188467
-38.5431,-0.0000,18.8355,0.188598
-38.4936,-0.0000,18.8422,0.188743
-38.4455,-0.0000,18.8503,0.188847
-38.3956,-0.0000,18.8603,0.188971
-38.3352,-0.0000,18.8707,0.189095
-38.2776,-0.0000,18.8775,0.189220
-38.2192,-0.0000,18.8819,0.189351
-38.1590,-0.0000,18.8843,0.189475
-38.1056,-0.0000,18.8882,0.189586
-38.0514,-0.0000,18.8946,0.189717
-37.9907,-0.0000,18.9040,0.189890
-37.9300,-0.0000,18.9148,0.190028
-37.8589,-0.0000,18.9271,0.190193
-37.7840,-0.0000,18.9396,0.190394
-37.7122,-0.0000,18.9515,0.190552
-37.6387,-0.0000,18.9637,0.190711
-37.5552,-0.0000,18.9767,0.190918
-37.4760,-0.0000,18.9861,0.191077
-37.3955,-0.0000,18.9926,0.191284
-37.3144,-0.0000,18.9960,0.191436
-37.2329,-0.0000,18.9961,0.191616
-37.1515,-0.0000,18.9930,0.191760
-37.0733,-0.0000,18.9867,0.191947
-37.0009,-0.0000,18.9800,0.192085
-36.9303,-0.0000,18.9760,0.192251
-36.8562,-0.0000,18.9737,0.192416
-36.7895,-0.0000,18.9738,0.192575
-36.7186,-0.0000,18.9760,0.192734
-36.6543,-0.0000,18.9796,0.192899
-36.5817,-0.0000,18.9854,0.193099
-36.5081,-0.0000,18.9906,0.193279
-36.4396,-0.0000,18.9953,0.193424
-36.3634,-0.0000,19.0005,0.193631
-36.2839,-0.0000,19.0060,0.193824
-36.2048,-0.0000,19.0109,0.194011
-36.1217,-0.0000,19.0138,0.194211
-36.0370,-0.0000,19.0137,0.194376
-35.9478,-0.0000,19.0100,0.194597
-35.8706,-0.0000,19.0064,0.194770
-35.7889,-0.0000,19.0058,0.194963
-35.7149,-0.0000,19.0076,0.195163
-35.6382,-0.0000,19.0116,0.195356
-35.5610,-0.0000,19.0151,0.195550
-35.4835,-0.0000,19.0183,0.195736
-35.4057,-0.0000,19.0213,0.195936
-35.3323,-0.0000,19.0236,0.196116
-35.2543,-0.0000,19.0243,0.196316
-35.1784,-0.0000,19.0257,0.196495
-35.0982,-0.0000,19.0277,0.196702
-35.0230,-0.0000,19.0271,0.196861
-34.9400,-0.0000,19.0234,0.197054
-34.8637,-0.0000,19.0172,0.197220
-34.7850,-0.0000,19.0080,0.197413
-34.7167,-0.0000,19.0006,0.197572
-34.6498,-0.0000,18.9956,0.197731
-34.5784,-0.0000,18.9924,0.197910
-34.5136,-0.0000,18.9915,0.198090
-34.4401,-0.0000,18.9919,0.198283
-34.3660,-0.0000,18.9917,0.198469
-34.2979,-0.0000,18.9913,0.198648
-34.2238,-0.0000,18.9907,0.198835
-34.1560,-0.0000,18.9903,0.199014
-34.0821,-0.0000,18.9898,0.199200
-34.0145,-0.0000,18.9895,0.199386
-33.9407,-0.0000,18.9892,0.199573
-33.8732,-0.0000,18.9888,0.199766
-33.7997,-0.0000,18.9884,0.199959
-33.7262,-0.0000,18.9880,0.200166
-33.6580,-0.0000,18.9876,0.200331
-33.5746,-0.0000,18.9871,0.200580
-33.5014,-0.0000,18.9867,0.200780
-33.4187,-0.0000,18.9862,0.201007
-33.3331,-0.0000,18.9857,0.201249
-33.2445,-0.0000,18.9852,0.201497
-33.1453,-0.0000,18.9846,0.201787
-33.0506,-0.0000,18.9841,0.202049
-32.9612,-0.0000,18.9835,0.202304
-32.8608,-0.0000,18.9829,0.202601
-32.7583,-0.0000,18.9820,0.202883
-32.6558,-0.0000,18.9807,0.203201
-32.5528,-0.0000,18.9793,0.203497
-32.4555,-0.0000,18.9772,0.203780
-32.3569,-0.0000,18.9724,0.204063
-32.2520,-0.0000,18.9638,0.204353
-32.1602,-0.0000,18.9558,0.204628
-32.0616,-0.0000,18.9499,0.204932
-31.9614,-0.0000,18.9467,0.205242
-31.8690,-0.0000,18.9444,0.205519
-31.7680,-0.0000,18.9419,0.205823
-31.6671,-0.0000,18.9391,0.206127
-31.5747,-0.0000,18.9364,0.206404
-31.4740,-0.0000,18.9334,0.206729
-31.3734,-0.0000,18.9304,0.207033
-31.2729,-0.0000,18.9275,0.207358
-31.1724,-0.0000,18.9246,0.207676
-31.0721,-0.0000,18.9218,0.208008
-30.9718,-0.0000,18.9189,0.208326
-30.8800,-0.0000,18.9162,0.208631
-30.7717,-0.0000,18.9130,0.208983
-30.6717,-0.0000,18.9101,0.209322
-30.5719,-0.0000,18.9072,0.209654
-30.4722,-0.0000,18.9043,0.209993
-30.3726,-0.0000,18.9013,0.210339
-30.2730,-0.0000,18.8984,0.210685
-30.1736,-0.0000,18.8955,0.211023
-30.0743,-0.0000,18.8926,0.211376
-29.9750,-0.0000,18.8897,0.211743
-29.8759,-0.0000,18.8869,0.212088
-29.7800,-0.0000,18.8843,0.212434
-29.6865,-0.0000,18.8842,0.212784
-29.6022,-0.0000,18.8869,0.213113
-29.5010,-0.0000,18.8943,0.213490
-29.3944,-0.0000,18.9031,0.213868
-29.3030,-0.0000,18.9077,0.214197
-29.2025,-0.0000,18.9098,0.214554
-29.1046,-0.0000,18.9095,0.214904
-29.0071,-0.0000,18.9093,0.215267
-28.9099,-0.0000,18.9093,0.215631
-28.8128,-0.0000,18.9095,0.216008
-28.7238,-0.0000,18.9099,0.216338
-28.6186,-0.0000,18.9101,0.216742
-28.5216,-0.0000,18.9102,0.217113
-28.4329,-0.0000,18.9101,0.217442
-28.3281,-0.0000,18.9100,0.217854
-28.2396,-0.0000,18.9100,0.218218
-28.1432,-0.0000,18.9101,0.218588
-28.0468,-0.0000,18.9102,0.218965
-27.9505,-0.0000,18.9104,0.219357
-27.8544,-0.0000,18.9104,0.219724
-27.7579,-0.0000,18.9105,0.220084
-27.6595,-0.0000,18.9105,0.220465
-27.5582,-0.0000,18.9106,0.220853
-27.4540,-0.0000,18.9107,0.221268
-27.3469,-0.0000,18.9107,0.221689
-27.2369,-0.0000,18.9108,0.222131
-27.1240,-0.0000,18.9108,0.222587
-27.0085,-0.0000,18.9108,0.223076
-26.8919,-0.0000,18.9108,0.223559
-26.7750,-0.0000,18.9109,0.224049
-26.6581,-0.0000,18.9109,0.224545
-26.5510,-0.0000,18.9109,0.225008
-26.4342,-0.0000,18.9109,0.225518
-26.3271,-0.0000,18.9109,0.225994
-26.2105,-0.0000,18.9109,0.226499
-26.1037,-0.0000,18.9108,0.226963
-25.9969,-0.0000,18.9108,0.227426
-25.8902,-0.0000,18.9107,0.227883
-25.7835,-0.0000,18.9106,0.228333
-25.6672,-0.0000,18.9102,0.228845
-25.5607,-0.0000,18.9098,0.229301
-25.4544,-0.0000,18.9093,0.229751
-25.3386,-0.0000,18.9089,0.230249
-25.2325,-0.0000,18.9087,0.230699
-25.1169,-0.0000,18.9084,0.231183
-25.0013,-0.0000,18.9082,0.231681
-24.8859,-0.0000,18.9079,0.232179
-24.7802,-0.0000,18.9076,0.232629
-24.6650,-0.0000,18.9073,0.233120
-24.5498,-0.0000,18.9070,0.233615
-24.4444,-0.0000,18.9067,0.234049
-24.3390,-0.0000,18.9064,0.234504
-24.2337,-0.0000,18.9060,0.234946
-24.1189,-0.0000,18.9057,0.235448
-24.0138,-0.0000,18.9054,0.235903
-23.9088,-0.0000,18.9050,0.236358
-23.8038,-0.0000,18.9046,0.236813
-23.6888,-0.0000,18.9042,0.237329
-23.5922,-0.0000,18.9039,0.237750
-23.4843,-0.0000,18.9035,0.238226
-23.3642,-0.0000,18.9030,0.238762
-23.2517,-0.0000,18.9026,0.239278
-23.1367,-0.0000,18.9021,0.239794
-23.0192,-0.0000,18.9016,0.240331
-22.8883,-0.0000,18.9010,0.240906
-22.7657,-0.0000,18.9005,0.241455
-22.6294,-0.0000,18.8999,0.242064
-22.5029,-0.0000,18.8993,0.242626
-22.3758,-0.0000,18.8988,0.243202
-22.2371,-0.0000,18.8982,0.243818
-22.1099,-0.0000,18.8977,0.244394
-21.9712,-0.0000,18.8971,0.245023
-21.8442,-0.0000,18.8965,0.245592
-21.7172,-0.0000,18.8960,0.246161
-21.5903,-0.0000,18.8955,0.246743
-21.4635,-0.0000,18.8949,0.247319
-21.3253,-0.0000,18.8944,0.247941
-21.1988,-0.0000,18.8938,0.248515
-21.0723,-0.0000,18.8933,0.249082
-20.9459,-0.0000,18.8927,0.249656
-20.8082,-0.0000,18.8921,0.250278
-20.6820,-0.0000,18.8916,0.250852
-20.5559,-0.0000,18.8910,0.251419
-20.4296,-0.0000,18.8905,0.252007
-20.3027,-0.0000,18.8899,0.252581
-20.1748,-0.0000,18.8893,0.253169
-20.0458,-0.0000,18.8887,0.253764
-19.9154,-0.0000,18.8881,0.254358
-19.7834,-0.0000,18.8875,0.254965
-19.6494,-0.0000,18.8869,0.255586
-19.5011,-0.0000,18.8862,0.256262
-19.3631,-0.0000,18.8855,0.256896
-19.2231,-0.0000,18.8848,0.257545
-19.0942,-0.0000,18.8842,0.258124
-18.9505,-0.0000,18.8835,0.258779
-18.8049,-0.0000,18.8828,0.259441
-18.6580,-0.0000,18.8820,0.260110
-18.4970,-0.0000,18.8812,0.260841
-18.3492,-0.0000,18.8805,0.261516
-18.2015,-0.0000,18.8797,0.262187
-18.0404,-0.0000,18.8789,0.262926
-17.8928,-0.0000,18.8781,0.263596
-17.7586,-0.0000,18.8774,0.264205
-17.6112,-0.0000,18.8767,0.264875
-17.4638,-0.0000,18.8759,0.265539
-17.3166,-0.0000,18.8751,0.266202
-17.1695,-0.0000,18.8744,0.266866
-17.0225,-0.0000,18.8736,0.267529
-16.8756,-0.0000,18.8728,0.268193
-16.7289,-0.0000,18.8720,0.268842
-16.5955,-0.0000,18.8713,0.269436
-16.4489,-0.0000,18.8705,0.270092
-16.3024,-0.0000,18.8697,0.270755
-16.1693,-0.0000,18.8690,0.271356
-16.0230,-0.0000,18.8682,0.272018
-15.8768,-0.0000,18.8674,0.272687
-15.7307,-0.0000,18.8666,0.273350
-15.5847,-0.0000,18.8658,0.274013
-15.4389,-0.0000,18.8650,0.274675
-15.2931,-0.0000,18.8641,0.275344
-15.1342,-0.0000,18.8633,0.276061
-14.9886,-0.0000,18.8624,0.276723
-14.8300,-0.0000,18.8615,0.277440
-14.6714,-0.0000,18.8606,0.278165
-14.5262,-0.0000,18.8598,0.278820
-14.3679,-0.0000,18.8589,0.279537
-14.2228,-0.0000,18.8580,0.280199
-14.0779,-0.0000,18.8572,0.280862
-13.9200,-0.0000,18.8563,0.281579
-13.7753,-0.0000,18.8554,0.282234
-13.6438,-0.0000,18.8547,0.282838
-13.4993,-0.0000,18.8538,0.283488
-13.3549,-0.0000,18.8530,0.284137
-13.2107,-0.0000,18.8521,0.284793
-13.0796,-0.0000,18.8513,0.285387
-12.9355,-0.0000,18.8505,0.286043
-12.7915,-0.0000,18.8496,0.286699
-12.6476,-0.0000,18.8487,0.287362
-12.5038,-0.0000,18.8478,0.288025
-12.3601,-0.0000,18.8470,0.288688
-12.2166,-0.0000,18.8461,0.289351
-12.0600,-0.0000,18.8451,0.290076
-11.9167,-0.0000,18.8442,0.290725
-11.7734,-0.0000,18.8433,0.291381
-11.6303,-0.0000,18.8424,0.292044
-11.4742,-0.0000,18.8415,0.292761
-11.3313,-0.0000,18.8406,0.293417
-11.1754,-0.0000,18.8396,0.294134
-11.0327,-0.0000,18.8387,0.294790
-10.8901,-0.0000,18.8378,0.295446
-10.7476,-0.0000,18.8369,0.296088
-10.5922,-0.0000,18.8359,0.296809
-10.4628,-0.0000,18.8350,0.297412
-10.3206,-0.0000,18.8341,0.298069
-10.1785,-0.0000,18.8332,0.298720
-10.0365,-0.0000,18.8323,0.299370
-9.8946,-0.0000,18.8314,0.300014
-9.7528,-0.0000,18.8304,0.300664
-9.6110,-0.0000,18.8295,0.301315
-9.4694,-0.0000,18.8286,0.301951
-9.3279,-0.0000,18.8276,0.302602
-9.1865,-0.0000,18.8267,0.303252
-9.0452,-0.0000,18.8257,0.303905
-8.9040,-0.0000,18.8248,0.304562
-8.7501,-0.0000,18.8238,0.305287
-8.6091,-0.0000,18.8228,0.305930
-8.4554,-0.0000,18.8218,0.306628
-8.3147,-0.0000,18.8208,0.307258
-8.1740,-0.0000,18.8199,0.307875
-8.0207,-0.0000,18.8188,0.308546
-7.8802,-0.0000,18.8179,0.309149
-7.7398,-0.0000,18.8169,0.309745
-7.5996,-0.0000,18.8159,0.310321
-7.4467,-0.0000,18.8149,0.311015
-7.3062,-0.0000,18.8139,0.311641
-7.1650,-0.0000,18.8129,0.312254
-7.0231,-0.0000,18.8119,0.312867
-6.8802,-0.0000,18.8109,0.313486
-6.7367,-0.0000,18.8099,0.314085
-6.5929,-0.0000,18.8088,0.314684
-6.4360,-0.0000,18.8077,0.315332
-6.2791,-0.0000,18.8066,0.315965
-6.1354,-0.0000,18.8055,0.316536
-5.9918,-0.0000,18.8045,0.317108
-5.8482,-0.0000,18.8034,0.317673
-5.7048,-0.0000,18.8024,0.318266
-5.5614,-0.0000,18.8014,0.318839
-5.4182,-0.0000,18.8003,0.319419
-5.2750,-0.0000,18.7993,0.319998
-5.1190,-0.0000,18.7981,0.320605
-4.9761,-0.0000,18.7970,0.321151
-4.8333,-0.0000,18.7960,0.321689
-4.6776,-0.0000,18.7948,0.322282
-4.5350,-0.0000,18.7937,0.322807
-4.3796,-0.0000,18.7926,0.323372
-4.2242,-0.0000,18.7914,0.323938
-4.0818,-0.0000,18.7903,0.324442
-3.9267,-0.0000,18.7891,0.324999
-3.7716,-0.0000,18.7877,0.325555
-3.6296,-0.0000,18.7864,0.326064
-3.4867,-0.0000,18.7851,0.326559
-3.3412,-0.0000,18.7824,0.327047
-3.1960,-0.0000,18.7767,0.327536
-3.0530,-0.0000,18.7684,0.328017
-2.9006,-0.0000,18.7591,0.328519
-2.7603,-0.0000,18.7528,0.328987
-2.6191,-0.0000,18.7479,0.329448
-2.4782,-0.0000,18.7435,0.329889
-2.3375,-0.0000,18.7392,0.330330
-2.1841,-0.0000,18.7345,0.330791
-2.0305,-0.0000,18.7295,0.331246
-1.8770,-0.0000,18.7240,0.331720
-1.7368,-0.0000,18.7187,0.332154
-1.5841,-0.0000,18.7131,0.332614
-1.4315,-0.0000,18.7078,0.333061
-1.2789,-0.0000,18.7027,0.333508
-1.1263,-0.0000,18.6976,0.333949
-0.9713,-0.0000,18.6919,0.334369
-0.8273,-0.0000,18.6841,0.334762
-0.6694,-0.0000,18.6713,0.335161
-0.5243,-0.0000,18.6549,0.335547
-0.3790,-0.0000,18.6336,0.335920
-0.2208,-0.0000,18.6043,0.336313
-0.0767,-0.0000,18.5713,0.336672
0.0655,-0.0000,18.5325,0.337031
0.2126,-0.0000,18.4857,0.337417
0.3450,-0.0000,18.4391,0.337769
0.4760,-0.0000,18.3922,0.338101
0.6055,-0.0000,18.3465,0.338447
0.7332,-0.0000,18.3027,0.338805
0.8593,-0.0000,18.2614,0.339155
0.9860,-0.0000,18.2224,0.339519
1.1166,-0.0000,18.1825,0.339869
1.2466,-0.0000,18.1391,0.340206
1.3758,-0.0000,18.0915,0.340549
1.5037,-0.0000,18.0388,0.340886
1.6286,-0.0000,17.9815,0.341215
1.7469,-0.0000,17.9222,0.341565
1.8534,-0.0000,17.8681,0.341854
1.9802,-0.0000,17.8051,0.342204
2.0849,-0.0000,17.7548,0.342493
2.2096,-0.0000,17.6977,0.342829
2.3238,-0.0000,17.6485,0.343131
2.4404,-0.0000,17.6007,0.343434
2.5585,-0.0000,17.5524,0.343722
2.6752,-0.0000,17.5029,0.344010
2.7784,-0.0000,17.4585,0.344271
2.8939,-0.0000,17.4105,0.344546
2.9990,-0.0000,17.3670,0.344793
3.1147,-0.0000,17.3194,0.345061
3.2198,-0.0000,17.2763,0.345302
3.3256,-0.0000,17.2328,0.345548
3.4336,-0.0000,17.1874,0.345800
3.5533,-0.0000,17.1338,0.346086
3.6634,-0.0000,17.0810,0.346345
3.7858,-0.0000,17.0182,0.346631
3.8978,-0.0000,16.9568,0.346896
4.0214,-0.0000,16.8843,0.347189
4.1337,-0.0000,16.8139,0.347462
4.2567,-0.0000,16.7312,0.347768
4.3655,-0.0000,16.6527,0.348041
4.4796,-0.0000,16.5640,0.348334
4.5902,-0.0000,16.4715,0.348620
4.6987,-0.0000,16.3775,0.348913
4.8061,-0.0000,16.2842,0.349205
4.9126,-0.0000,16.1930,0.349498
5.0117,-0.0000,16.1097,0.349750
5.1208,-0.0000,16.0155,0.350030
5.2272,-0.0000,15.9186,0.350302
5.3304,-0.0000,15.8184,0.350575
5.4207,-0.0000,15.7238,0.350820
5.5155,-0.0000,15.6156,0.351079
5.6048,-0.0000,15.5028,0.351351
5.6874,-0.0000,15.3864,0.351603
5.7548,-0.0000,15.2812,0.351828
5.8236,-0.0000,15.1636,0.352080
5.8897,-0.0000,15.0456,0.352325
5.9487,-0.0000,14.9390,0.352565
6.0144,-0.0000,14.8178,0.352819
6.0757,-0.0000,14.6958,0.353093
6.1322,-0.0000,14.5729,0.353354
6.1829,-0.0000,14.4486,0.353601
6.2265,-0.0000,14.3229,0.353869
6.2614,-0.0000,14.1992,0.354116
6.2862,-0.0000,14.0872,0.354329
6.3097,-0.0000,13.9640,0.354569
6.3321,-0.0000,13.8421,0.354803
6.3560,-0.0000,13.7116,0.355077
6.3777,-0.0000,13.5951,0.355304
6.3978,-0.0000,13.4922,0.355524
6.4206,-0.0000,13.3817,0.355750
6.4422,-0.0000,13.2834,0.355963
6.4672,-0.0000,13.1772,0.356203
6.4914,-0.0000,13.0826,0.356409
6.5202,-0.0000,12.9799,0.356636
6.5487,-0.0000,12.8854,0.356842
6.5772,-0.0000,12.7910,0.357048
6.6086,-0.0000,12.6872,0.357275
6.6399,-0.0000,12.5835,0.357494
6.6682,-0.0000,12.4892,0.357693
6.6992,-0.0000,12.3856,0.357913
6.7302,-0.0000,12.2821,0.358140
6.7584,-0.0000,12.1882,0.358332
6.7923,-0.0000,12.0755,0.358565
6.8236,-0.0000,11.9711,0.358771
6.8544,-0.0000,11.8638,0.358984
6.8826,-0.0000,11.7546,0.359183
6.9057,-0.0000,11.6534,0.359375
6.9303,-0.0000,11.5281,0.359614
6.9498,-0.0000,11.4095,0.359845
6.9660,-0.0000,11.2886,0.360076
6.9787,-0.0000,11.1707,0.360307
6.9911,-0.0000,11.0417,0.360565
7.0030,-0.0000,10.9245,0.360796
7.0165,-0.0000,10.8090,0.361034
7.0319,-0.0000,10.6954,0.361265
7.0497,-0.0000,10.5834,0.361496
7.0702,-0.0000,10.4698,0.361726
7.0910,-0.0000,10.3541,0.361957
7.1116,-0.0000,10.2253,0.362202
7.1271,-0.0000,10.1059,0.362426
7.1390,-0.0000,9.9853,0.362650
7.1468,-0.0000,9.8637,0.362881
7.1500,-0.0000,9.7414,0.363099
7.1485,-0.0000,9.6298,0.363296
7.1415,-0.0000,9.5070,0.363506
7.1287,-0.0000,9.3846,0.363724
7.1080,-0.0000,9.2525,0.363934
7.0844,-0.0000,9.1384,0.364145
7.0578,-0.0000,9.0267,0.364335
7.0315,-0.0000,8.9165,0.364532
7.0041,-0.0000,8.7983,0.364750
6.9786,-0.0000,8.6829,0.364960
6.9555,-0.0000,8.5699,0.365164
6.9348,-0.0000,8.4590,0.365381
6.9175,-0.0000,8.3554,0.365565
6.8973,-0.0000,8.2418,0.365769
6.8770,-0.0000,8.1331,0.365972
6.8609,-0.0000,8.0346,0.366156
6.8458,-0.0000,7.9261,0.366360
6.8318,-0.0000,7.8164,0.366564
6.8190,-0.0000,7.7157,0.366749
6.8041,-0.0000,7.6030,0.366961
6.7861,-0.0000,7.4888,0.367159
6.7680,-0.0000,7.3934,0.367337
6.7422,-0.0000,7.2790,0.367542
6.7117,-0.0000,7.1650,0.367754
6.6794,-0.0000,7.0612,0.367938
6.6394,-0.0000,6.9500,0.368136
6.5965,-0.0000,6.8445,0.368334
6.5545,-0.0000,6.7475,0.368519
6.5049,-0.0000,6.6413,0.368717
6.4555,-0.0000,6.5465,0.368895
6.3998,-0.0000,6.4498,0.369086
6.3432,-0.0000,6.3587,0.369278
6.2877,-0.0000,6.2689,0.369469
6.2344,-0.0000,6.1803,0.369653
6.1839,-0.0000,6.0932,0.369845
6.1365,-0.0000,6.0073,0.370036
6.0921,-0.0000,5.9223,0.370227
6.0503,-0.0000,5.8379,0.370405
6.0113,-0.0000,5.7537,0.370596
5.9734,-0.0000,5.6665,0.370788
5.9386,-0.0000,5.5861,0.370959
5.8972,-0.0000,5.4911,0.371171
5.8589,-0.0000,5.4035,0.371362
5.8236,-0.0000,5.3227,0.371533
5.7839,-0.0000,5.2327,0.371731
5.7448,-0.0000,5.1472,0.371909
5.6985,-0.0000,5.0530,0.372100
5.6526,-0.0000,4.9666,0.372285
5.6032,-0.0000,4.8808,0.372469
5.5453,-0.0000,4.7888,0.372667
5.4829,-0.0000,4.6992,0.372859
5.4216,-0.0000,4.6197,0.373036
5.3566,-0.0000,4.5433,0.373207
5.2865,-0.0000,4.4680,0.373378
5.2178,-0.0000,4.3946,0.373562
5.1518,-0.0000,4.3215,0.373740
5.0940,-0.0000,4.2553,0.373903
5.0342,-0.0000,4.1836,0.374081
4.9794,-0.0000,4.1151,0.374244
4.9170,-0.0000,4.0401,0.374415
4.8566,-0.0000,3.9712,0.374599
4.8031,-0.0000,3.9080,0.374770
4.7474,-0.0000,3.8386,0.374947
4.6989,-0.0000,3.7746,0.375118
4.6507,-0.0000,3.7074,0.375281
4.5968,-0.0000,3.6323,0.375466
4.5442,-0.0000,3.5621,0.375629
4.4828,-0.0000,3.4857,0.375820
4.4221,-0.0000,3.4152,0.375998
4.3511,-0.0000,3.3379,0.376189
4.2817,-0.0000,3.2674,0.376366
4.2090,-0.0000,3.1981,0.376550
4.1264,-0.0000,3.1257,0.376748
4.0476,-0.0000,3.0630,0.376933
3.9680,-0.0000,3.0065,0.377103
3.8894,-0.0000,2.9556,0.377274
3.8121,-0.0000,2.9049,0.377437
3.7300,-0.0000,2.8490,0.377628
3.6568,-0.0000,2.7976,0.377799
3.5808,-0.0000,2.7436,0.377970
3.5038,-0.0000,2.6918,0.378140
3.4254,-0.0000,2.6429,0.378304
3.3450,-0.0000,2.5980,0.378461
3.2599,-0.0000,2.5569,0.378631
3.1822,-0.0000,2.5216,0.378788
3.1129,-0.0000,2.4881,0.378925
3.0317,-0.0000,2.4471,0.379095
2.9597,-0.0000,2.4088,0.379252
2.8898,-0.0000,2.3693,0.379416
2.8216,-0.0000,2.3288,0.379580
2.7530,-0.0000,2.2863,0.379737
2.6796,-0.0000,2.2413,0.379900
2.6033,-0.0000,2.1983,0.380078
2.5242,-0.0000,2.1578,0.380228
2.4355,-0.0000,2.1171,0.380412
2.3513,-0.0000,2.0820,0.380576
2.2764,-0.0000,2.0494,0.380740
2.2041,-0.0000,2.0157,0.380897
2.1279,-0.0000,1.9777,0.381067
2.0604,-0.0000,1.9415,0.381231
1.9852,-0.0000,1.8988,0.381408
1.9121,-0.0000,1.8588,0.381572
1.8364,-0.0000,1.8209,0.381736
1.7580,-0.0000,1.7853,0.381899
1.6771,-0.0000,1.7520,0.382063
1.5864,-0.0000,1.7187,0.382254
1.5015,-0.0000,1.6912,0.382411
1.4169,-0.0000,1.6673,0.382575
1.3371,-0.0000,1.6475,0.382732
1.2521,-0.0000,1.6254,0.382895
1.1763,-0.0000,1.6039,0.383059
1.0962,-0.0000,1.5793,0.383230
1.0249,-0.0000,1.5554,0.383394
0.9492,-0.0000,1.5278,0.383578
0.8703,-0.0000,1.4972,0.383755
0.7875,-0.0000,1.4675,0.383933
0.7025,-0.0000,1.4409,0.384110
0.6159,-0.0000,1.4177,0.384287
0.5354,-0.0000,1.3998,0.384444
0.4467,-0.0000,1.3840,0.384608
0.3648,-0.0000,1.3732,0.384765
0.2743,-0.0000,1.3652,0.384942
0.2004,-0.0000,1.3581,0.385085
0.1210,-0.0000,1.3481,0.385242
0.0426,-0.0000,1.3364,0.385413
-0.0287,-0.0000,1.3238,0.385577
-0.1061,-0.0000,1.3083,0.385754
-0.1824,-0.0000,1.2913,0.385931
-0.2582,-0.0000,1.2723,0.386116
-0.3360,-0.0000,1.2516,0.386293
-0.4150,-0.0000,1.2309,0.386484
-0.4978,-0.0000,1.2105,0.386661
-0.5825,-0.0000,1.1928,0.386852
-0.6684,-0.0000,1.1780,0.387030
-0.7553,-0.0000,1.1663,0.387207
-0.8328,-0.0000,1.1586,0.387357
-0.9188,-0.0000,1.1509,0.387528
-1.0035,-0.0000,1.1403,0.387699
-1.0822,-0.0000,1.1282,0.387857
-1.1690,-0.0000,1.1122,0.388041
-1.2615,-0.0000,1.0928,0.388247
-1.3574,-0.0000,1.0728,0.388452
-1.4544,-0.0000,1.0528,0.388671
-1.5443,-0.0000,1.0345,0.388876
-1.6443,-0.0000,1.0145,0.389109
-1.7475,-0.0000,0.9969,0.389334
-1.8444,-0.0000,0.9841,0.389546
-1.9507,-0.0000,0.9740,0.389786
-2.0495,-0.0000,0.9685,0.390005
-2.1485,-0.0000,0.9667,0.390217
-2.2468,-0.0000,0.9689,0.390443
-2.3334,-0.0000,0.9737,0.390648
-2.4294,-0.0000,0.9787,0.390887
-2.5266,-0.0000,0.9819,0.391133
-2.6247,-0.0000,0.9829,0.391393
-2.7156,-0.0000,0.9818,0.391653
-2.8144,-0.0000,0.9783,0.391948
-2.9130,-0.0000,0.9723,0.392255
-3.0055,-0.0000,0.9653,0.392543
-3.1064,-0.0000,0.9578,0.392864
-3.2076,-0.0000,0.9503,0.393199
-3.3087,-0.0000,0.9430,0.393541
-3.4097,-0.0000,0.9357,0.393904
-3.5106,-0.0000,0.9284,0.394267
-3.6115,-0.0000,0.9210,0.394554
-3.7146,-0.0000,0.9138,0.394807
-3.8202,-0.0000,0.9087,0.395067
-3.9269,-0.0000,0.9072,0.395333
-4.0255,-0.0000,0.9093,0.395580
-4.1335,-0.0000,0.9159,0.395853
-4.2416,-0.0000,0.9272,0.396134
-4.3362,-0.0000,0.9408,0.396387
-4.4190,-0.0000,0.9535,0.396626
-4.5089,-0.0000,0.9655,0.396899
-4.5972,-0.0000,0.9755,0.397173
-4.6839,-0.0000,0.9833,0.397467
-4.7694,-0.0000,0.9888,0.397775
-4.8468,-0.0000,0.9920,0.398055
-4.9341,-0.0000,0.9942,0.398383
-5.0216,-0.0000,0.9967,0.398732
-5.1091,-0.0000,0.9994,0.399081
-5.1887,-0.0000,1.0019,0.399416
-5.2861,-0.0000,1.0051,0.399854
-5.3778,-0.0000,1.0100,0.400264
-5.4785,-0.0000,1.0185,0.400756
-5.5796,-0.0000,1.0306,0.401276
-5.6690,-0.0000,1.0446,0.401575
-5.7619,-0.0000,1.0599,0.401860
-5.8534,-0.0000,1.0725,0.402152
-5.9434,-0.0000,1.0824,0.402464
-6.0341,-0.0000,1.0894,0.402796
-6.1266,-0.0000,1.0956,0.403136
-6.2192,-0.0000,1.1023,0.403502
-6.3117,-0.0000,1.1092,0.403889
-6.4042,-0.0000,1.1162,0.404309
-6.4993,-0.0000,1.1238,0.404845
-6.5963,-0.0000,1.1339,0.405232
-6.6939,-0.0000,1.1474,0.405768
-6.7916,-0.0000,1.1646,0.406371
-6.8891,-0.0000,1.1858,0.407084
-6.9859,-0.0000,1.2112,0.407972
-7.0815,-0.0000,1.2409,0.408623
-7.1732,-0.0000,1.2742,0.409057
-7.2585,-0.0000,1.3080,0.409485
-7.3358,-0.0000,1.3370,0.409898
-7.4188,-0.0000,1.3663,0.410346
-7.4934,-0.0000,1.3908,0.410773
-7.5737,-0.0000,1.4148,0.411255
-7.6529,-0.0000,1.4364,0.411743
-7.7314,-0.0000,1.4557,0.412258
-7.8057,-0.0000,1.4720,0.412733
-7.8875,-0.0000,1.4900,0.413283
-7.9695,-0.0000,1.5081,0.413845
-8.0515,-0.0000,1.5264,0.414429
-8.1333,-0.0000,1.5447,0.415019
-8.2151,-0.0000,1.5629,0.415522
-8.2967,-0.0000,1.5812,0.415932
-8.3782,-0.0000,1.5993,0.416341
-8.4507,-0.0000,1.6153,0.416724
-8.5338,-0.0000,1.6315,0.417195
-8.6094,-0.0000,1.6434,0.417638
-8.6839,-0.0000,1.6521,0.418089
-8.7510,-0.0000,1.6572,0.418519
-8.8226,-0.0000,1.6596,0.418997
-8.8921,-0.0000,1.6585,0.419495
-8.9537,-0.0000,1.6545,0.419952
-9.0180,-0.0000,1.6467,0.420485
-9.0792,-0.0000,1.6353,0.421017
-9.1459,-0.0000,1.6166,0.421570
-9.2078,-0.0000,1.5991,0.422095
-9.2767,-0.0000,1.5832,0.422547
-9.3463,-0.0000,1.5694,0.422930
-9.4163,-0.0000,1.5579,0.423313
-9.4874,-0.0000,1.5489,0.423689
-9.5590,-0.0000,1.5418,0.424052
-9.6312,-0.0000,1.5365,0.424408
-9.7102,-0.0000,1.5332,0.424784
-9.7746,-0.0000,1.5326,0.425092
-9.8448,-0.0000,1.5310,0.425448
-9.9074,-0.0000,1.5267,0.425790
-9.9682,-0.0000,1.5199,0.426125
-10.0322,-0.0000,1.5099,0.426501
-10.0890,-0.0000,1.4982,0.426843
-10.1432,-0.0000,1.4842,0.427185
-10.1985,-0.0000,1.4663,0.427569
-10.2458,-0.0000,1.4474,0.427911
-10.2894,-0.0000,1.4266,0.428260
-10.3356,-0.0000,1.3994,0.428629
-10.3775,-0.0000,1.3715,0.428971
-10.4181,-0.0000,1.3438,0.429300
-10.4578,-0.0000,1.3163,0.429580
-10.4959,-0.0000,1.2890,0.429847
-10.5352,-0.0000,1.2598,0.430128
-10.5694,-0.0000,1.2329,0.430367
-10.6043,-0.0000,1.2035,0.430620
-10.6376,-0.0000,1.1745,0.430867
-10.6669,-0.0000,1.1483,0.431086
-10.6960,-0.0000,1.1215,0.431298
-10.7222,-0.0000,1.0940,0.431510
-10.7454,-0.0000,1.0698,0.431702
-10.7688,-0.0000,1.0435,0.431893
-10.7911,-0.0000,1.0181,0.432078
-10.8101,-0.0000,0.9951,0.432249
-10.8283,-0.0000,0.9730,0.432407
-10.8466,-0.0000,0.9495,0.432578
-10.8640,-0.0000,0.9273,0.432728
-10.8831,-0.0000,0.9017,0.432906
-10.9014,-0.0000,0.8769,0.433084
-10.9201,-0.0000,0.8508,0.433262
-10.9390,-0.0000,0.8234,0.433447
-10.9589,-0.0000,0.7927,0.433652
-10.9762,-0.0000,0.7639,0.433844
-10.9930,-0.0000,0.7352,0.434036
-11.0102,-0.0000,0.7046,0.434234
-11.0249,-0.0000,0.6772,0.434412
-11.0387,-0.0000,0.6504,0.434583
-11.0517,-0.0000,0.6246,0.434754
-11.0637,-0.0000,0.5997,0.434912
-11.0749,-0.0000,0.5759,0.435062
-11.0859,-0.0000,0.5510,0.435226
-11.0949,-0.0000,0.5293,0.435363
-11.1033,-0.0000,0.5085,0.435493
-11.1110,-0.0000,0.4887,0.435623
-11.1187,-0.0000,0.4683,0.435747
-11.1257,-0.0000,0.4496,0.435870
-11.1320,-0.0000,0.4319,0.435979
-11.1398,-0.0000,0.4095,0.436116
-11.1471,-0.0000,0.3877,0.436253
-11.1544,-0.0000,0.3647,0.436397
-11.1617,-0.0000,0.3406,0.436540
-11.1699,-0.0000,0.3131,0.436705
-11.1767,-0.0000,0.2886,0.436848
-11.1846,-0.0000,0.2582,0.437020
-11.1924,0.0000,0.2262,0.437204
-11.1989,0.0000,0.1978,0.437362
-11.2057,-0.0000,0.1659,0.437540
-11.2124,-0.0000,0.1311,0.437731
-11.2177,0.0000,0.0992,0.437903
-11.2224,-0.0000,0.0676,0.438074
-11.2261,-0.0000,0.0394,0.438224
-11.2298,-0.0000,0.0070,0.438402
-11.2327,0.0000,-0.0218,0.438553
-11.2350,-0.0000,-0.0494,0.438697
-11.2369,-0.0000,-0.0759,0.438833
-11.2385,-0.0000,-0.1033,0.438977
-11.2392,-0.0000,-0.1271,0.439100
-11.2397,0.0000,-0.1496,0.439217
-11.2399,0.0000,-0.1727,0.439340
-11.2398,0.0000,-0.1931,0.439449
-11.2396,0.0000,-0.2137,0.439552
-11.2391,0.0000,-0.2365,0.439669
-11.2383,0.0000,-0.2608,0.439792
-11.2372,0.0000,-0.2864,0.439929
-11.2355,0.0000,-0.3133,0.440066
-11.2336,0.0000,-0.3415,0.440209
-11.2313,0.0000,-0.3687,0.440353
-11.2282,-0.0000,-0.3996,0.440510
-11.2243,-0.0000,-0.4319,0.440682
-11.2198,-0.0000,-0.4657,0.440853
-11.2144,-0.0000,-0.5009,0.441037
-11.2082,-0.0000,-0.5375,0.441229
-11.2010,-0.0000,-0.5753,0.441428
-11.1929,-0.0000,-0.6145,0.441633
-11.1842,-0.0000,-0.6553,0.441852
-11.1744,0.0000,-0.6977,0.442071
-11.1631,0.0000,-0.7417,0.442311
-11.1509,0.0000,-0.7874,0.442550
-11.1374,-0.0000,-0.8343,0.442803
-11.1224,0.0000,-0.8823,0.443063
-11.1059,0.0000,-0.9314,0.443331
-11.0878,-0.0000,-0.9813,0.443605
-11.0662,0.0000,-1.0360,0.443906
-11.0441,0.0000,-1.0875,0.444187
-11.0201,0.0000,-1.1398,0.444475
-10.9940,0.0000,-1.1928,0.444770
-10.9660,0.0000,-1.2465,0.445072
-10.9359,0.0000,-1.3004,0.445373
-10.9067,0.0000,-1.3491,0.445654
-10.8738,0.0000,-1.3999,0.445949
-10.8401,0.0000,-1.4485,0.446237
-10.8083,0.0000,-1.4914,0.446497
-10.7736,0.0000,-1.5361,0.446765
-10.7388,0.0000,-1.5790,0.447032
-10.7069,0.0000,-1.6171,0.447272
-10.6725,0.0000,-1.6565,0.447519
-10.6410,0.0000,-1.6912,0.447745
-10.6096,0.0000,-1.7240,0.447964
-10.5759,0.0000,-1.7576,0.448197
-10.5451,0.0000,-1.7869,0.448396
-10.5146,0.0000,-1.8147,0.448602
-10.4822,0.0000,-1.8435,0.448807
-10.4541,0.0000,-1.8680,0.448992
-10.4261,0.0000,-1.8901,0.449171
-10.3988,0.0000,-1.9102,0.449335
-10.3720,0.0000,-1.9297,0.449500
-10.3453,0.0000,-1.9482,0.449664
-10.3205,0.0000,-1.9648,0.449815
-10.2926,0.0000,-1.9829,0.449979
-10.2634,0.0000,-2.0013,0.450151
-10.2329,0.0000,-2.0199,0.450329
-10.2011,0.0000,-2.0389,0.450514
-10.1679,0.0000,-2.0585,0.450706
-10.1332,0.0000,-2.0782,0.450905
-10.0965,0.0000,-2.0977,0.451110
-10.0582,0.0000,-2.1173,0.451316
-10.0184,0.0000,-2.1369,0.451535
-9.9770,0.0000,-2.1563,0.451755
-9.9341,0.0000,-2.1755,0.451988
-9.8897,0.0000,-2.1944,0.452221
-9.8437,0.0000,-2.2128,0.452461
-9.7962,0.0000,-2.2306,0.452708
-9.7430,0.0000,-2.2489,0.452982
-9.6922,0.0000,-2.2648,0.453242
-9.6398,0.0000,-2.2797,0.453510
-9.5813,0.0000,-2.2947,0.453798
-9.5256,0.0000,-2.3075,0.454079
-9.4684,0.0000,-2.3192,0.454366
-9.4096,0.0000,-2.3297,0.454654
-9.3493,0.0000,-2.3388,0.454956
-9.2876,0.0000,-2.3464,0.455264
-9.2244,0.0000,-2.3522,0.455573
-9.1598,0.0000,-2.3561,0.455895
-9.0939,0.0000,-2.3581,0.456224
-9.0267,0.0000,-2.3581,0.456560
-8.9582,0.0000,-2.3560,0.456910
-8.8885,0.0000,-2.3517,0.457259
-8.8177,0.0000,-2.3452,0.457622
-8.7459,0.0000,-2.3362,0.457985
-8.6733,0.0000,-2.3246,0.458355
-8.5938,0.0000,-2.3089,0.458766
-8.5200,0.0000,-2.2915,0.459150
-8.4444,0.0000,-2.2704,0.459533
-8.3648,0.0000,-2.2457,0.459924
-8.2842,0.0000,-2.2221,0.460314
-8.2020,0.0000,-2.2004,0.460711
-8.1182,0.0000,-2.1807,0.461109
-8.0403,0.0000,-2.1644,0.461465
-7.9543,0.0000,-2.1488,0.461862
-7.8672,0.0000,-2.1354,0.462259
-7.7715,0.0000,-2.1234,0.462684
-7.6821,0.0000,-2.1150,0.463081
-7.5919,0.0000,-2.1092,0.463479
-7.5044,0.0000,-2.1055,0.463869
-7.4174,0.0000,-2.1017,0.464266
-7.3239,0.0000,-2.0973,0.464707
-7.2414,0.0000,-2.0927,0.465113
-7.1609,0.0000,-2.0857,0.465520
-7.0822,0.0000,-2.0760,0.465926
-7.0119,0.0000,-2.0646,0.466292
-6.9369,0.0000,-2.0494,0.466692
-6.8626,0.0000,-2.0310,0.467091
-6.7948,0.0000,-2.0112,0.467464
-6.7214,0.0000,-1.9867,0.467870
-6.6528,0.0000,-1.9605,0.468249
-6.5785,0.0000,-1.9270,0.468629
-6.4968,0.0000,-1.8884,0.469042
-6.4138,0.0000,-1.8507,0.469455
-6.3360,0.0000,-1.8176,0.469834
-6.2494,0.0000,-1.7834,0.470247
-6.1685,0.0000,-1.7538,0.470627
-6.0860,0.0000,-1.7261,0.470999
-5.9943,0.0000,-1.6981,0.471421
-5.9021,0.0000,-1.6728,0.471845
-5.8192,0.0000,-1.6514,0.472242
-5.7292,0.0000,-1.6280,0.472666
-5.6396,0.0000,-1.6045,0.473097
-5.5500,0.0000,-1.5809,0.473528
-5.4605,0.0000,-1.5574,0.473952
-5.3711,0.0000,-1.5339,0.474383
-5.2892,0.0000,-1.5124,0.474780
-5.2000,0.0000,-1.4889,0.475204
-5.1108,-0.0000,-1.4656,0.475635
-5.0218,0.0000,-1.4422,0.476066
-4.9328,0.0000,-1.4188,0.476497
-4.8514,0.0000,-1.3974,0.476894
-4.7700,0.0000,-1.3760,0.477291
-4.6813,0.0000,-1.3528,0.477729
-4.5927,0.0000,-1.3295,0.478160
-4.5115,0.0000,-1.3082,0.478570
-4.4231,0.0000,-1.2850,0.479020
-4.3421,0.0000,-1.2637,0.479429
-4.2612,-0.0000,-1.2425,0.479831
-4.1731,0.0000,-1.2194,0.480275
-4.0923,0.0000,-1.1982,0.480677
-4.0044,0.0000,-1.1751,0.481107
-3.9165,0.0000,-1.1520,0.481536
-3.8287,0.0000,-1.1290,0.481966
-3.7483,0.0000,-1.1079,0.482348
-3.6603,0.0000,-1.0848,0.482771
-3.5706,0.0000,-1.0613,0.483194
-3.4860,0.0000,-1.0391,0.483596
-3.3990,0.0000,-1.0162,0.484005
-3.3014,0.0000,-0.9906,0.484455
-3.2009,-0.0000,-0.9643,0.484912
-3.0977,0.0000,-0.9372,0.485395
-3.0005,0.0000,-0.9118,0.485855
-2.8921,-0.0000,-0.8833,0.486376
-2.7732,0.0000,-0.8522,0.486944
-2.6633,0.0000,-0.8234,0.487472
-2.5625,-0.0000,-0.7969,0.487952
-2.4526,0.0000,-0.7681,0.488473
-2.3519,-0.0000,-0.7417,0.488953
-2.2603,0.0000,-0.7177,0.489386
-2.1598,0.0000,-0.6914,0.489859
-2.0593,0.0000,-0.6650,0.490333
-1.9589,-0.0000,-0.6387,0.490806
-1.8586,-0.0000,-0.6125,0.491280
-1.7493,-0.0000,-0.5838,0.491794
-1.6492,-0.0000,-0.5576,0.492248
-1.5491,-0.0000,-0.5314,0.492700
-1.4401,-0.0000,-0.5028,0.493194
-1.3493,-0.0000,-0.4790,0.493612
-1.2495,0.0000,-0.4529,0.494072
-1.1407,-0.0000,-0.4244,0.494579
-1.0509,0.0000,-0.4008,0.495011
-0.9468,0.0000,-0.3726,0.495532
-0.8535,0.0000,-0.3446,0.496012
-0.7626,0.0000,-0.3143,0.496499
-0.6709,-0.0000,-0.2797,0.496986
-0.5760,-0.0000,-0.2424,0.497486
-0.4708,-0.0000,-0.2040,0.498042
-0.3724,0.0000,-0.1709,0.498563
-0.2750,-0.0000,-0.1411,0.499091
-0.1779,-0.0000,-0.1121,0.499613
-0.0810,-0.0000,-0.0831,0.500128
0.0069,0.0000,-0.0567,0.500595
0.0946,0.0000,-0.0301,0.501055
0.1824,0.0000,-0.0034,0.501516
0.2717,0.0000,0.0235,0.501969
0.3727,0.0000,0.0521,0.502463
0.4659,-0.0000,0.0758,0.502917
0.5666,-0.0000,0.0983,0.503404
0.6636,-0.0000,0.1192,0.503885
0.7586,0.0000,0.1420,0.504366
0.8538,0.0000,0.1673,0.504839
0.9494,0.0000,0.1940,0.505300
1.0450,0.0000,0.2209,0.505760
1.1407,-0.0000,0.2477,0.506228
1.2276,-0.0000,0.2718,0.506674
1.3232,-0.0000,0.2982,0.507162
1.4175,-0.0000,0.3243,0.507649
1.5085,-0.0000,0.3507,0.508122
1.5894,-0.0000,0.3765,0.508554
1.6761,-0.0000,0.4071,0.509028
1.7603,-0.0000,0.4401,0.509487
1.8448,-0.0000,0.4774,0.509947
1.9321,-0.0000,0.5181,0.510393
2.0207,-0.0000,0.5573,0.510839
2.1112,-0.0000,0.5945,0.511278
2.2036,-0.0000,0.6297,0.511717
2.2876,-0.0000,0.6591,0.512115
2.3789,-0.0000,0.6900,0.512554
2.4700,-0.0000,0.7211,0.512987
2.5609,-0.0000,0.7522,0.513419
2.6516,-0.0000,0.7835,0.513851
2.7422,-0.0000,0.8147,0.514283
2.8246,-0.0000,0.8431,0.514682
2.9151,-0.0000,0.8741,0.515121
3.0144,-0.0000,0.9082,0.515608
3.0989,-0.0000,0.9372,0.516020
3.2028,-0.0000,0.9729,0.516534
3.2915,-0.0000,1.0033,0.516980
3.3912,-0.0000,1.0376,0.517481
3.5026,-0.0000,1.0759,0.518051
3.6072,-0.0000,1.1118,0.518593
3.7235,-0.0000,1.1516,0.519197
3.8307,-0.0000,1.1885,0.519773
3.9576,-0.0000,1.2320,0.520436
4.0650,-0.0000,1.2689,0.520985
4.1919,-0.0000,1.3125,0.521637
4.2969,-0.0000,1.3486,0.522186
4.3991,-0.0000,1.3857,0.522742
4.5078,-0.0000,1.4286,0.523339
4.6048,-0.0000,1.4703,0.523889
4.6987,-0.0000,1.5145,0.524431
4.7891,-0.0000,1.5614,0.524974
4.8689,-0.0000,1.6072,0.525462
4.9666,-0.0000,1.6700,0.526039
5.0558,-0.0000,1.7279,0.526561
5.1383,-0.0000,1.7793,0.527036
5.2309,-0.0000,1.8345,0.527584
5.3258,-0.0000,1.8879,0.528126
5.4142,-0.0000,1.9348,0.528620
5.5119,-0.0000,1.9838,0.529155
5.6001,-0.0000,2.0267,0.529636
5.6970,-0.0000,2.0740,0.530164
5.7937,-0.0000,2.1212,0.530685
5.8991,-0.0000,2.1728,0.531240
5.9956,-0.0000,2.2200,0.531734
6.0921,-0.0000,2.2672,0.532235
6.1973,-0.0000,2.3186,0.532763
6.2936,-0.0000,2.3657,0.533251
6.3898,-0.0000,2.4127,0.533725
6.4947,-0.0000,2.4639,0.534276
6.5907,-0.0000,2.5109,0.534824
6.6867,-0.0000,2.5578,0.535359
6.7913,-0.0000,2.6089,0.535921
6.8871,-0.0000,2.6557,0.536429
6.9828,-0.0000,2.7025,0.536915
7.0785,-0.0000,2.7493,0.537388
7.1742,-0.0000,2.7960,0.537855
7.2697,-0.0000,2.8426,0.538307
7.3653,-0.0000,2.8892,0.538753
7.4609,-0.0000,2.9357,0.539185
7.5565,-0.0000,2.9821,0.539610
7.6523,-0.0000,3.0284,0.540028
7.7494,-0.0000,3.0753,0.540446
7.8488,-0.0000,3.1232,0.540858
7.9504,-0.0000,3.1722,0.541288
8.0559,-0.0000,3.2229,0.541745
8.1761,-0.0000,3.2787,0.542249
8.2892,-0.0000,3.3278,0.542726
8.4047,-0.0000,3.3738,0.543217
8.5225,-0.0000,3.4159,0.543694
8.6317,-0.0000,3.4501,0.544144
8.7539,-0.0000,3.4826,0.544628
8.8612,-0.0000,3.5068,0.545071
8.9780,-0.0000,3.5317,0.545562
9.0828,-0.0000,3.5552,0.546012
9.1958,-0.0000,3.5820,0.546516
9.2963,-0.0000,3.6077,0.546966
9.4044,-0.0000,3.6377,0.547471
9.5009,-0.0000,3.6667,0.547941
9.5985,-0.0000,3.6979,0.548385
9.7057,-0.0000,3.7327,0.548864
9.8129,-0.0000,3.7674,0.549350
9.9201,-0.0000,3.8020,0.549836
10.0273,-0.0000,3.8366,0.550322
10.1343,-0.0000,3.8711,0.550808
10.2414,-0.0000,3.9056,0.551300
10.3483,-0.0000,3.9400,0.551793
10.4553,-0.0000,3.9745,0.552286
10.5641,-0.0000,4.0092,0.552792
10.6756,-0.0000,4.0428,0.553285
10.7785,-0.0000,4.0707,0.553743
10.8933,-0.0000,4.0983,0.554250
11.0097,-0.0000,4.1220,0.554749
11.1274,-0.0000,4.1415,0.555250
11.2354,-0.0000,4.1553,0.555698
11.3548,-0.0000,4.1658,0.556181
11.4615,-0.0000,4.1711,0.556622
11.5741,-0.0000,4.1728,0.557090
11.6855,-0.0000,4.1732,0.557545
11.7952,-0.0000,4.1746,0.558000
11.9030,-0.0000,4.1772,0.558462
12.0085,-0.0000,4.1815,0.558917
12.1119,-0.0000,4.1878,0.559379
12.2227,-0.0000,4.1971,0.559875
12.3239,-0.0000,4.2079,0.560330
12.4356,-0.0000,4.2214,0.560833
12.5379,-0.0000,4.2337,0.561295
12.6496,-0.0000,4.2473,0.561791
12.7612,-0.0000,4.2607,0.562298
12.8636,-0.0000,4.2730,0.562771
12.9775,-0.0000,4.2863,0.563286
13.0844,-0.0000,4.2969,0.563746
13.2033,-0.0000,4.3051,0.564253
13.3251,-0.0000,4.3096,0.564754
13.4393,-0.0000,4.3100,0.565221
13.5661,-0.0000,4.3060,0.565715
13.6945,-0.0000,4.2971,0.566209
13.8088,-0.0000,4.2847,0.566655
13.9291,-0.0000,4.2676,0.567122
14.0482,-0.0000,4.2501,0.567582
14.1658,-0.0000,4.2344,0.568036
14.2717,-0.0000,4.2219,0.568448
14.3854,-0.0000,4.2110,0.568902
14.4973,-0.0000,4.2031,0.569351
14.6195,-0.0000,4.1976,0.569851
14.7237,-0.0000,4.1937,0.570275
14.8374,-0.0000,4.1893,0.570747
14.9606,-0.0000,4.1845,0.571253
15.0741,-0.0000,4.1800,0.571732
15.1876,-0.0000,4.1754,0.572211
15.3013,-0.0000,4.1709,0.572697
15.4277,-0.0000,4.1651,0.573217
15.5459,-0.0000,4.1566,0.573717
15.6747,-0.0000,4.1431,0.574243
15.7937,-0.0000,4.1260,0.574736
15.9225,-0.0000,4.1019,0.575263
16.0364,-0.0000,4.0755,0.575749
16.1461,-0.0000,4.0480,0.576221
16.2546,-0.0000,4.0228,0.576673
16.3616,-0.0000,4.0002,0.577132
16.4583,-0.0000,3.9822,0.577550
16.5628,-0.0000,3.9655,0.578016
16.6698,-0.0000,3.9507,0.578489
16.7769,-0.0000,3.9361,0.578955
16.8840,-0.0000,3.9212,0.579421
16.9821,-0.0000,3.9075,0.579860
17.0891,-0.0000,3.8925,0.580333
17.1962,-0.0000,3.8775,0.580805
17.3064,-0.0000,3.8616,0.581278
17.4177,-0.0000,3.8424,0.581751
17.5293,-0.0000,3.8195,0.582224
17.6407,-0.0000,3.7925,0.582690
17.7422,-0.0000,3.7637,0.583108
17.8472,-0.0000,3.7296,0.583547
17.9572,-0.0000,3.6930,0.584020
18.0493,-0.0000,3.6643,0.584425
18.1486,-0.0000,3.6358,0.584864
18.2468,-0.0000,3.6105,0.585310
18.3463,-0.0000,3.5878,0.585756
18.4387,-0.0000,3.5676,0.586168
18.5396,-0.0000,3.5453,0.586613
18.6405,-0.0000,3.5228,0.587066
18.7328,-0.0000,3.5021,0.587478
18.8335,-0.0000,3.4796,0.587924
18.9257,-0.0000,3.4591,0.588342
19.0179,-0.0000,3.4386,0.588754
19.1183,-0.0000,3.4163,0.589207
19.2186,-0.0000,3.3939,0.589652
19.3105,-0.0000,3.3734,0.590071
19.4106,-0.0000,3.3511,0.590516
19.5106,-0.0000,3.3288,0.590962
19.6105,-0.0000,3.3066,0.591414
19.7104,-0.0000,3.2843,0.591859
19.8101,-0.0000,3.2621,0.592304
19.9097,-0.0000,3.2399,0.592749
20.0093,-0.0000,3.2177,0.593195
20.1087,-0.0000,3.1955,0.593640
20.2080,-0.0000,3.1734,0.594085
20.3073,-0.0000,3.1513,0.594531
20.4049,-0.0000,3.1295,0.594976
20.4995,-0.0000,3.1100,0.595421
20.5931,-0.0000,3.0938,0.595867
20.6854,-0.0000,3.0811,0.596319
20.7689,-0.0000,3.0729,0.596730
20.8583,-0.0000,3.0678,0.597182
20.9426,-0.0000,3.0673,0.597592
21.0305,-0.0000,3.0691,0.598002
21.1269,-0.0000,3.0688,0.598446
21.2160,-0.0000,3.0662,0.598850
21.3142,-0.0000,3.0605,0.599287
21.4132,-0.0000,3.0517,0.599725
21.5110,-0.0000,3.0402,0.600155
21.6069,-0.0000,3.0280,0.600586
21.7024,-0.0000,3.0162,0.601010
21.8058,-0.0000,3.0035,0.601475
21.9011,-0.0000,2.9918,0.601898
21.9963,-0.0000,2.9802,0.602322
22.0835,-0.0000,2.9694,0.602712
22.1781,-0.0000,2.9577,0.603129
22.2689,-0.0000,2.9473,0.603553
22.3509,-0.0000,2.9402,0.603942
22.4392,-0.0000,2.9355,0.604364
22.5197,-0.0000,2.9341,0.604765
22.6126,-0.0000,2.9365,0.605206
22.7105,-0.0000,2.9395,0.605647
22.8107,-0.0000,2.9396,0.606095
22.9042,-0.0000,2.9371,0.606502
22.9980,-0.0000,2.9318,0.606916
23.0977,-0.0000,2.9243,0.607364
23.1888,-0.0000,2.9176,0.607772
23.2880,-0.0000,2.9105,0.608220
23.3871,-0.0000,2.9036,0.608661
23.4861,-0.0000,2.8968,0.609109
23.5763,-0.0000,2.8904,0.609516
23.6709,-0.0000,2.8845,0.609957
23.7639,-0.0000,2.8814,0.610398
23.8553,-0.0000,2.8814,0.610833
23.9522,-0.0000,2.8854,0.611310
24.0394,-0.0000,2.8931,0.611714
24.1442,-0.0000,2.9016,0.612187
24.2504,-0.0000,2.9067,0.612659
24.3581,-0.0000,2.9081,0.613125
24.4559,-0.0000,2.9064,0.613563
24.5605,-0.0000,2.9040,0.614036
24.6647,-0.0000,2.9020,0.614509
24.7606,-0.0000,2.9004,0.614940
24.8645,-0.0000,2.8987,0.615413
24.9604,-0.0000,2.8971,0.615844
25.0641,-0.0000,2.8952,0.616317
25.1597,-0.0000,2.8934,0.616756
25.2632,-0.0000,2.8915,0.617221
25.3587,-0.0000,2.8898,0.617660
25.4540,-0.0000,2.8882,0.618078
25.5571,-0.0000,2.8863,0.618567
25.6523,-0.0000,2.8846,0.619001
25.7473,-0.0000,2.8829,0.619435
25.8423,-0.0000,2.8812,0.619869
25.9390,-0.0000,2.8795,0.620310
26.0375,-0.0000,2.8777,0.620757
26.1357,-0.0000,2.8768,0.621219
26.2466,-0.0000,2.8786,0.621736
26.3530,-0.0000,2.8818,0.622218
26.4636,-0.0000,2.8848,0.622707
26.5727,-0.0000,2.8849,0.623196
26.6811,-0.0000,2.8843,0.623685
26.7803,-0.0000,2.8835,0.624133
26.8884,-0.0000,2.8828,0.624622
26.9965,-0.0000,2.8822,0.625139
27.1044,-0.0000,2.8817,0.625586
27.2122,-0.0000,2.8812,0.626067
27.3199,-0.0000,2.8806,0.626548
27.4275,-0.0000,2.8800,0.627036
27.5345,-0.0000,2.8794,0.627517
27.6416,-0.0000,2.8792,0.628004
27.7576,-0.0000,2.8791,0.628533
27.8646,-0.0000,2.8791,0.629021
27.9712,-0.0000,2.8791,0.629508
28.0743,-0.0000,2.8796,0.629996
28.1669,-0.0000,2.8823,0.630437
28.2662,-0.0000,2.8883,0.630924
28.3703,-0.0000,2.8986,0.631405
28.4767,-0.0000,2.9085,0.631893
28.5844,-0.0000,2.9155,0.632378
28.6913,-0.0000,2.9192,0.632864
28.7968,-0.0000,2.9217,0.633350
28.9020,-0.0000,2.9241,0.633830
29.0071,-0.0000,2.9268,0.634310
29.1120,-0.0000,2.9297,0.634783
29.2256,-0.0000,2.9329,0.635297
29.3303,-0.0000,2.9358,0.635762
29.4350,-0.0000,2.9386,0.636228
29.5395,-0.0000,2.9413,0.636694
29.6527,-0.0000,2.9443,0.637188
29.7657,-0.0000,2.9473,0.637688
29.8699,-0.0000,2.9502,0.638140
29.9827,-0.0000,2.9532,0.638627
30.0954,-0.0000,2.9562,0.639106
30.1993,-0.0000,2.9590,0.639579
30.2950,-0.0000,2.9615,0.640003
30.4011,-0.0000,2.9644,0.640476
30.5095,-0.0000,2.9673,0.640948
30.6202,-0.0000,2.9702,0.641434
30.7331,-0.0000,2.9732,0.641927
30.8470,-0.0000,2.9762,0.642420
30.9612,-0.0000,2.9793,0.642906
31.0755,-0.0000,2.9823,0.643392
31.1896,-0.0000,2.9854,0.643878
31.3038,-0.0000,2.9884,0.644351
31.4084,-0.0000,2.9912,0.644782
31.5319,-0.0000,2.9945,0.645289
31.6458,-0.0000,2.9975,0.645754
31.7596,-0.0000,3.0005,0.646214
31.8733,-0.0000,3.0035,0.646697
31.9874,-0.0000,3.0064,0.647166
32.1015,-0.0000,3.0088,0.647642
32.2146,-0.0000,3.0108,0.648111
32.3373,-0.0000,3.0134,0.648607
32.4503,-0.0000,3.0159,0.649062
32.5634,-0.0000,3.0185,0.649511
32.6763,-0.0000,3.0212,0.649966
32.7891,-0.0000,3.0239,0.650407
32.9018,-0.0000,3.0265,0.650856
33.0144,-0.0000,3.0291,0.651290
33.1269,-0.0000,3.0317,0.651718
33.2487,-0.0000,3.0345,0.652187
33.3610,-0.0000,3.0371,0.652601
33.4732,-0.0000,3.0397,0.653028
33.5853,-0.0000,3.0423,0.653460
33.6977,-0.0000,3.0448,0.653883
33.8122,-0.0000,3.0467,0.654306
33.9249,-0.0000,3.0468,0.654722
34.0350,-0.0000,3.0471,0.655139
34.1373,-0.0000,3.0486,0.655521
34.2394,-0.0000,3.0501,0.655890
34.3508,-0.0000,3.0519,0.656286
34.4529,-0.0000,3.0535,0.656641
34.5548,-0.0000,3.0550,0.657009
34.6660,-0.0000,3.0566,0.657398
34.7677,-0.0000,3.0580,0.657740
34.8786,-0.0000,3.0595,0.658122
34.9801,-0.0000,3.0609,0.658470
35.0815,-0.0000,3.0624,0.658805
35.1829,-0.0000,3.0638,0.659126
35.2934,-0.0000,3.0654,0.659494
35.4038,-0.0000,3.0669,0.659849
35.5060,-0.0000,3.0682,0.660170
35.6174,-0.0000,3.0686,0.660540
35.7181,-0.0000,3.0684,0.660869
35.8276,-0.0000,3.0688,0.661226
35.9283,-0.0000,3.0696,0.661548
36.0381,-0.0000,3.0705,0.661898
36.1387,-0.0000,3.0713,0.662220
36.2484,-0.0000,3.0721,0.662550
36.3491,-0.0000,3.0727,0.662858
36.4517,-0.0000,3.0732,0.663167
36.5560,-0.0000,3.0733,0.663482
36.6725,-0.0000,3.0737,0.663818
36.7817,-0.0000,3.0743,0.664134
36.8934,-0.0000,3.0751,0.664456
37.0163,-0.0000,3.0760,0.664812
37.1292,-0.0000,3.0769,0.665107
37.2421,-0.0000,3.0777,0.665409
37.3550,-0.0000,3.0785,0.665738
37.4796,-0.0000,3.0793,0.666040
37.5965,-0.0000,3.0785,0.666349
37.7144,-0.0000,3.0746,0.666637
37.8437,-0.0000,3.0666,0.666952
37.9733,-0.0000,3.0543,0.667268
38.0920,-0.0000,3.0388,0.667570
38.2210,-0.0000,3.0167,0.667900
38.3377,-0.0000,2.9914,0.668202
38.4480,-0.0000,2.9625,0.668518
38.5662,-0.0000,2.9292,0.668834
38.6735,-0.0000,2.8999,0.669123
38.7793,-0.0000,2.8724,0.669412
38.8834,-0.0000,2.8473,0.669693
38.9954,-0.0000,2.8230,0.670016
39.0968,-0.0000,2.8034,0.670278
39.1996,-0.0000,2.7859,0.670539
39.3032,-0.0000,2.7689,0.670807
39.4073,-0.0000,2.7518,0.671075
39.5122,-0.0000,2.7340,0.671329
39.6161,-0.0000,2.7154,0.671590
39.7199,-0.0000,2.6967,0.671831
39.8156,-0.0000,2.6791,0.672071
39.9326,-0.0000,2.6557,0.672346
40.0303,-0.0000,2.6334,0.672573
40.1378,-0.0000,2.6056,0.672820
40.2557,-0.0000,2.5705,0.673088
40.3644,-0.0000,2.5337,0.673342
40.4733,-0.0000,2.4921,0.673597
40.5819,-0.0000,2.4457,0.673837
40.6996,-0.0000,2.3893,0.674119
40.7963,-0.0000,2.3378,0.674345
40.8960,-0.0000,2.2796,0.674592
40.9908,-0.0000,2.2184,0.674832
41.0833,-0.0000,2.1555,0.675072
41.1664,-0.0000,2.0990,0.675284
41.2567,-0.0000,2.0383,0.675524
41.3456,-0.0000,1.9798,0.675784
41.4252,-0.0000,1.9290,0.675990
41.5120,-0.0000,1.8758,0.676230
41.6001,-0.0000,1.8239,0.676470
41.6834,-0.0000,1.7748,0.676723
41.7738,-0.0000,1.7178,0.676963
41.8594,-0.0000,1.6596,0.677224
41.9414,-0.0000,1.6023,0.677470
42.0234,-0.0000,1.5471,0.677744
42.1051,-0.0000,1.4945,0.677984
42.1870,-0.0000,1.4448,0.678238
42.2731,-0.0000,1.3952,0.678505
42.3610,-0.0000,1.3432,0.678786
42.4481,-0.0000,1.2883,0.679039
42.5340,-0.0000,1.2301,0.679320
42.6193,-0.0000,1.1676,0.679615
42.6967,-0.0000,1.1065,0.679869
42.7781,-0.0000,1.0383,0.680177
42.8589,-0.0000,0.9694,0.680492
42.9416,-0.0000,0.9010,0.680828
43.0249,-0.0000,0.8345,0.681164
43.1086,-0.0000,0.7705,0.681451
43.1862,-0.0000,0.7139,0.681718
43.2760,-0.0000,0.6492,0.681972
43.3568,-0.0000,0.5877,0.682239
43.4441,-0.0000,0.5168,0.682520
43.5219,-0.0000,0.4492,0.682787
43.6052,-0.0000,0.3714,0.683081
43.6858,-0.0000,0.2904,0.683382
43.7564,-0.0000,0.2141,0.683629
43.8309,-0.0000,0.1276,0.683910
43.9015,-0.0000,0.0384,0.684225
43.9676,0.0000,-0.0534,0.684478
44.0232,0.0000,-0.1391,0.684745
44.0778,0.0000,-0.2335,0.685026
44.1219,-0.0000,-0.3200,0.685259
44.1655,0.0000,-0.4145,0.685519
44.2080,0.0000,-0.5078,0.685786
44.2463,0.0000,-0.5909,0.686060
44.2882,-0.0000,-0.6801,0.686306
44.3298,-0.0000,-0.7661,0.686601
44.3713,-0.0000,-0.8490,0.686868
44.4132,0.0000,-0.9296,0.687155
44.4555,0.0000,-1.0080,0.687436
44.4986,0.0000,-1.0843,0.687696
44.5468,0.0000,-1.1651,0.687977
44.5929,0.0000,-1.2377,0.688278
44.6411,-0.0000,-1.3112,0.688539
44.6937,0.0000,-1.3915,0.688855
44.7419,-0.0000,-1.4654,0.689116
44.7942,0.0000,-1.5461,0.689405
44.8422,0.0000,-1.6204,0.689686
44.8911,0.0000,-1.6976,0.689933
44.9392,0.0000,-1.7780,0.690208
44.9863,0.0000,-1.8625,0.690469
45.0323,0.0000,-1.9512,0.690751
45.0790,0.0000,-2.0478,0.691074
45.1212,0.0000,-2.1360,0.691362
45.1653,0.0000,-2.2240,0.691671
45.2108,0.0000,-2.3101,0.691960
45.2632,0.0000,-2.4029,0.692289
45.3140,0.0000,-2.4903,0.692578
45.3645,0.0000,-2.5807,0.692866
45.4126,0.0000,-2.6737,0.693155
45.4539,0.0000,-2.7602,0.693422
45.4965,0.0000,-2.8574,0.693718
45.5324,0.0000,-2.9473,0.693986
45.5655,0.0000,-3.0384,0.694233
45.5984,0.0000,-3.1399,0.694542
45.6271,0.0000,-3.2423,0.694810
45.6490,0.0000,-3.3363,0.695029
45.6680,0.0000,-3.4403,0.695325
45.6810,0.0000,-3.5447,0.695606
45.6876,0.0000,-3.6372,0.695847
45.6898,0.0000,-3.7378,0.696108
45.6888,0.0000,-3.8434,0.696382
45.6882,0.0000,-3.9296,0.696609
45.6884,0.0000,-4.0225,0.696842
45.6895,0.0000,-4.1129,0.697117
45.6916,0.0000,-4.2002,0.697351
45.6949,0.0000,-4.2852,0.697605
45.6993,0.0000,-4.3684,0.697845
45.7051,0.0000,-4.4499,0.698065
45.7132,0.0000,-4.5371,0.698333
45.7224,0.0000,-4.6155,0.698587
45.7337,0.0000,-4.6934,0.698820
45.7479,0.0000,-4.7803,0.699047
45.7606,0.0000,-4.8603,0.699322
45.7732,0.0000,-4.9403,0.699514
45.7856,0.0000,-5.0203,0.699754
45.7991,0.0000,-5.1074,0.700002
45.8126,0.0000,-5.1944,0.700256
45.8250,0.0000,-5.2741,0.700469
45.8375,0.0000,-5.3543,0.700688
45.8514,0.0000,-5.4440,0.700943
45.8657,0.0000,-5.5366,0.701190
45.8804,0.0000,-5.6320,0.701451
45.8956,0.0000,-5.7304,0.701719
45.9112,0.0000,-5.8315,0.702007
45.9273,0.0000,-5.9366,0.702268
45.9431,0.0000,-6.0479,0.702592
45.9560,0.0000,-6.1623,0.702956
45.9650,0.0000,-6.2786,0.703280
45.9694,0.0000,-6.3960,0.703590
45.9691,0.0000,-6.5043,0.703858
45.9649,0.0000,-6.6160,0.704189
45.9612,0.0000,-6.7256,0.704478
45.9599,0.0000,-6.8334,0.704781
45.9610,0.0000,-6.9390,0.705091
45.9649,0.0000,-7.0426,0.705380
45.9716,0.0000,-7.1474,0.705676
45.9789,0.0000,-7.2530,0.705959
45.9860,0.0000,-7.3586,0.706255
45.9930,0.0000,-7.4643,0.706544
45.9999,0.0000,-7.5698,0.706812
46.0074,0.0000,-7.6841,0.707129
46.0145,0.0000,-7.7900,0.707398
46.0214,0.0000,-7.9079,0.707701
46.0247,0.0000,-8.0093,0.707955
46.0247,0.0000,-8.1209,0.708224
46.0207,0.0000,-8.2329,0.708499
46.0135,0.0000,-8.3384,0.708747
46.0078,0.0000,-8.4334,0.708981
46.0042,0.0000,-8.5355,0.709243
46.0033,0.0000,-8.6276,0.709497
46.0050,0.0000,-8.7296,0.709765
46.0072,0.0000,-8.8237,0.710039
46.0093,0.0000,-8.9265,0.710320
46.0110,0.0000,-9.0207,0.710574
46.0125,0.0000,-9.1147,0.710855
46.0142,0.0000,-9.2173,0.711116
46.0158,0.0000,-9.3114,0.711369
46.0176,0.0000,-9.4067,0.711623
46.0195,0.0000,-9.5139,0.711891
46.0204,0.0000,-9.6178,0.712158
46.0187,0.0000,-9.7351,0.712467
46.0141,0.0000,-9.8460,0.712727
46.0043,0.0000,-9.9808,0.713057
45.9918,0.0000,-10.0975,0.713331
45.9747,0.0000,-10.2152,0.713605
45.9517,0.0000,-10.3373,0.713880
45.9286,0.0000,-10.4472,0.714174
45.9047,0.0000,-10.5661,0.714463
45.8832,0.0000,-10.6835,0.714757
45.8660,0.0000,-10.7895,0.714991
45.8515,0.0000,-10.8940,0.715265
45.8395,0.0000,-10.9995,0.715519
45.8274,0.0000,-11.1157,0.715793
45.8146,0.0000,-11.2343,0.716088
45.8003,0.0000,-11.3449,0.716314
45.7806,0.0000,-11.4659,0.716610
45.7564,0.0000,-11.5871,0.716926
45.7306,0.0000,-11.6954,0.717187
45.7018,0.0000,-11.8083,0.717469
45.6773,0.0000,-11.9109,0.717744
45.6553,0.0000,-12.0122,0.718005
45.6344,0.0000,-12.1219,0.718301
45.6157,0.0000,-12.2341,0.718583
45.5962,0.0000,-12.3496,0.718872
45.5733,0.0000,-12.4661,0.719147
45.5487,0.0000,-12.5732,0.719401
45.5174,0.0000,-12.6897,0.719676
45.4780,0.0000,-12.8152,0.719965
45.4373,0.0000,-12.9280,0.720240
45.3992,0.0000,-13.0255,0.720474
45.3579,0.0000,-13.1331,0.720742
45.3140,0.0000,-13.2439,0.720983
45.2620,0.0000,-13.3619,0.721271
45.2096,0.0000,-13.4685,0.721533
45.1522,0.0000,-13.5721,0.721760
45.0893,0.0000,-13.6722,0.721973
45.0209,0.0000,-13.7677,0.722200
44.9493,0.0000,-13.8561,0.722426
44.8737,0.0000,-13.9397,0.722619
44.7959,0.0000,-14.0188,0.722832
44.7258,0.0000,-14.0865,0.723011
44.6574,0.0000,-14.1527,0.723197
44.5854,0.0000,-14.2236,0.723375
44.5219,0.0000,-14.2873,0.723567
44.4557,0.0000,-14.3555,0.723785
44.3974,0.0000,-14.4173,0.723969
44.3362,0.0000,-14.4843,0.724160
44.2823,0.0000,-14.5456,0.724398
44.2262,0.0000,-14.6127,0.724575
44.1771,0.0000,-14.6744,0.724759
44.1251,0.0000,-14.7437,0.724998
44.0770,0.0000,-14.8089,0.725175
44.0287,0.0000,-14.8741,0.725366
43.9802,0.0000,-14.9392,0.725564
43.9272,0.0000,-15.0100,0.725775
43.8786,0.0000,-15.0752,0.725952
43.8233,0.0000,-15.1482,0.726170
43.7699,0.0000,-15.2150,0.726361
43.7086,0.0000,-15.2866,0.726572
43.6497,0.0000,-15.3506,0.726756
43.5883,0.0000,-15.4127,0.726927
43.5245,0.0000,-15.4727,0.727125
43.4522,0.0000,-15.5352,0.727309
43.3836,0.0000,-15.5894,0.727479
43.3126,0.0000,-15.6403,0.727642
43.2394,0.0000,-15.6873,0.727806
43.1576,0.0000,-15.7339,0.727983
43.0817,0.0000,-15.7725,0.728126
42.9966,0.0000,-15.8119,0.728290
42.9189,0.0000,-15.8464,0.728440
42.8339,0.0000,-15.8848,0.728610
42.7561,0.0000,-15.9209,0.728767
42.6658,0.0000,-15.9641,0.728965
42.5919,0.0000,-16.0008,0.729135
42.5134,0.0000,-16.0411,0.729312
42.4373,0.0000,-16.0804,0.729483
42.3589,0.0000,-16.1172,0.729640
42.2711,0.0000,-16.1533,0.729824
42.1814,0.0000,-16.1851,0.729987
42.0983,0.0000,-16.2102,0.730117
42.0137,0.0000,-16.2323,0.730280
41.9317,0.0000,-16.2537,0.730410
41.8525,0.0000,-16.2766,0.730567
41.7825,0.0000,-16.2981,0.730717
41.7088,0.0000,-16.3226,0.730881
41.6374,0.0000,-16.3481,0.731051
41.5737,0.0000,-16.3723,0.731208
41.5061,0.0000,-16.4000,0.731359
41.4402,0.0000,-16.4291,0.731536
41.3669,0.0000,-16.4636,0.731720
41.2987,0.0000,-16.4954,0.731891
41.2302,0.0000,-16.5271,0.732075
41.1561,0.0000,-16.5612,0.732273
41.0877,0.0000,-16.5927,0.732423
41.0177,0.0000,-16.6249,0.732621
40.9435,0.0000,-16.6588,0.732799
40.8703,0.0000,-16.6907,0.732990
40.7860,0.0000,-16.7244,0.733167
40.6973,0.0000,-16.7568,0.733379
40.6042,0.0000,-16.7872,0.733590
40.5151,0.0000,-16.8129,0.733788
40.4188,0.0000,-16.8369,0.734000
40.3306,0.0000,-16.8574,0.734198
40.2348,0.0000,-16.8815,0.734423
40.1489,0.0000,-16.9050,0.734635
40.0575,0.0000,-16.9325,0.734853
39.9684,0.0000,-16.9620,0.735106
39.8857,0.0000,-16.9917,0.735317
39.7948,0.0000,-17.0245,0.735583
39.7038,0.0000,-17.0572,0.735781
39.6126,0.0000,-17.0896,0.736034
39.5292,0.0000,-17.1192,0.736280
39.4307,0.0000,-17.1542,0.736525
39.3475,0.0000,-17.1839,0.736757
39.2548,0.0000,-17.2167,0.736989
39.1670,0.0000,-17.2460,0.737215
39.0693,0.0000,-17.2750,0.737447
38.9783,0.0000,-17.2988,0.737666
38.8775,0.0000,-17.3212,0.737892
38.7840,0.0000,-17.3382,0.738111
38.6937,0.0000,-17.3511,0.738296
38.5990,0.0000,-17.3635,0.738536
38.4989,0.0000,-17.3791,0.738769
38.4089,0.0000,-17.3954,0.739023
38.3212,0.0000,-17.4138,0.739256
38.2426,0.0000,-17.4325,0.739475
38.1551,0.0000,-17.4554,0.739735
38.0670,0.0000,-17.4784,0.739975
37.9861,0.0000,-17.4994,0.740215
37.8979,0.0000,-17.5221,0.740461
37.8170,0.0000,-17.5430,0.740715
37.7279,0.0000,-17.5658,0.740982
37.6280,0.0000,-17.5901,0.741277
37.5337,0.0000,-17.6099,0.741544
37.4300,0.0000,-17.6277,0.741831
37.3332,0.0000,-17.6404,0.742112
37.2274,0.0000,-17.6498,0.742393
37.1311,0.0000,-17.6539,0.742674
37.0333,0.0000,-17.6555,0.742941
36.9449,0.0000,-17.6590,0.743215
36.8588,0.0000,-17.6644,0.743482
36.7748,0.0000,-17.6720,0.743770
36.6926,0.0000,-17.6818,0.744044
36.6111,0.0000,-17.6938,0.744332
36.5274,0.0000,-17.7073,0.744578
36.4435,0.0000,-17.7205,0.744818
36.3594,0.0000,-17.7335,0.745064
36.2754,0.0000,-17.7465,0.745311
36.1915,0.0000,-17.7596,0.745564
36.1147,0.0000,-17.7715,0.745811
36.0376,0.0000,-17.7835,0.746043
35.9503,0.0000,-17.7964,0.746310
35.8687,0.0000,-17.8061,0.746564
35.7785,0.0000,-17.8138,0.746837
35.6798,0.0000,-17.8184,0.747132
35.5881,0.0000,-17.8187,0.747399
35.5001,0.0000,-17.8154,0.747686
35.4099,0.0000,-17.8116,0.747974
35.3285,0.0000,-17.8108,0.748268
35.2426,0.0000,-17.8123,0.748583
35.1650,0.0000,-17.8162,0.748870
35.0809,0.0000,-17.8229,0.749219
34.9945,0.0000,-17.8306,0.749541
34.9078,0.0000,-17.8378,0.749897
34.8211,0.0000,-17.8449,0.750253
34.7279,0.0000,-17.8525,0.750636
34.6474,0.0000,-17.8591,0.750985
34.5566,0.0000,-17.8655,0.751362
34.4641,0.0000,-17.8687,0.751661
34.3707,0.0000,-17.8683,0.751966
34.2842,0.0000,-17.8644,0.752237
34.1903,0.0000,-17.8562,0.752535
34.1040,0.0000,-17.8447,0.752806
34.0113,0.0000,-17.8275,0.753104
33.9242,0.0000,-17.8066,0.753389
33.8481,0.0000,-17.7875,0.753647
33.7645,0.0000,-17.7694,0.753945
33.6795,0.0000,-17.7531,0.754263
33.5928,0.0000,-17.7393,0.754602
33.5052,0.0000,-17.7275,0.754955
33.4182,0.0000,-17.7176,0.755327
33.3383,0.0000,-17.7106,0.755673
33.2487,0.0000,-17.7047,0.756053
33.1656,0.0000,-17.6990,0.756425
33.0753,0.0000,-17.6927,0.756825
32.9921,0.0000,-17.6868,0.757191
32.9020,0.0000,-17.6803,0.757605
32.8191,0.0000,-17.6744,0.757998
32.7363,0.0000,-17.6685,0.758398
32.6536,0.0000,-17.6627,0.758756
32.5648,0.0000,-17.6564,0.759148
32.4861,0.0000,-17.6516,0.759514
32.4029,0.0000,-17.6493,0.759906
32.3339,0.0000,-17.6499,0.760237
32.2495,0.0000,-17.6542,0.760623
32.1669,0.0000,-17.6584,0.760981
32.0761,0.0000,-17.6595,0.761367
31.9845,0.0000,-17.6572,0.761739
31.9030,0.0000,-17.6532,0.762091
31.8152,0.0000,-17.6493,0.762456
31.7278,0.0000,-17.6457,0.762835
31.6472,0.0000,-17.6427,0.763173
31.5599,0.0000,-17.6393,0.763545
31.4727,0.0000,-17.6358,0.763910
31.3857,0.0000,-17.6323,0.764282
31.3054,0.0000,-17.6290,0.764614
31.2186,0.0000,-17.6255,0.764992
31.1386,0.0000,-17.6223,0.765324
31.0541,0.0000,-17.6191,0.765678
30.9793,0.0000,-17.6178,0.766025
30.8999,0.0000,-17.6194,0.766392
30.8272,0.0000,-17.6239,0.766733
30.7414,0.0000,-17.6315,0.767107
30.6607,0.0000,-17.6358,0.767447
30.5719,0.0000,-17.6372,0.767814
30.4854,0.0000,-17.6357,0.768189
30.4004,0.0000,-17.6342,0.768556
30.3223,0.0000,-17.6332,0.768903
30.2378,0.0000,-17.6324,0.769284
30.1534,0.0000,-17.6316,0.769652
30.0756,0.0000,-17.6308,0.770006
29.9913,0.0000,-17.6299,0.770380
29.9137,0.0000,-17.6289,0.770727
29.8311,0.0000,-17.6279,0.771108
29.7584,0.0000,-17.6284,0.771462
29.6815,0.0000,-17.6318,0.771843
29.6053,0.0000,-17.6384,0.772224
29.5286,0.0000,-17.6473,0.772568
29.4503,0.0000,-17.6533,0.772919
29.3706,0.0000,-17.6567,0.773263
29.2928,0.0000,-17.6574,0.773593
29.2166,0.0000,-17.6579,0.773930
29.1408,0.0000,-17.6589,0.774274
29.0651,0.0000,-17.6600,0.774618
28.9895,0.0000,-17.6613,0.774969
28.9140,0.0000,-17.6625,0.775299
28.8386,0.0000,-17.6636,0.775636
28.7632,0.0000,-17.6646,0.775980
28.6880,0.0000,-17.6656,0.776317
28.6128,0.0000,-17.6667,0.776661
28.5378,0.0000,-17.6678,0.777005
28.4566,0.0000,-17.6691,0.777370
28.3817,0.0000,-17.6702,0.777714
28.2945,0.0000,-17.6714,0.778106
28.2129,0.0000,-17.6726,0.778477
28.1286,0.0000,-17.6738,0.778863
28.0409,0.0000,-17.6751,0.779296
27.9498,0.0000,-17.6764,0.779685
27.8479,0.0000,-17.6778,0.780149
27.7573,0.0000,-17.6791,0.780566
27.6559,0.0000,-17.6806,0.781030
27.5511,0.0000,-17.6821,0.781508
27.4512,0.0000,-17.6835,0.781958
27.3484,0.0000,-17.6850,0.782429
27.2337,0.0000,-17.6866,0.782948
27.1250,0.0000,-17.6882,0.783433
27.0057,0.0000,-17.6899,0.783979
26.8950,0.0000,-17.6915,0.784477
26.7842,0.0000,-17.6931,0.784982
26.6735,0.0000,-17.6946,0.785480
26.5536,0.0000,-17.6963,0.786013
26.4522,0.0000,-17.6978,0.786478
26.3416,0.0000,-17.6994,0.786978
26.2307,0.0000,-17.7009,0.787485
26.1091,0.0000,-17.7027,0.788026
26.0039,0.0000,-17.7042,0.788512
25.8864,0.0000,-17.7058,0.789047
25.7659,0.0000,-17.7075,0.789588
25.6529,0.0000,-17.7091,0.790095
25.5269,0.0000,-17.7109,0.790664
25.4088,0.0000,-17.7126,0.791191
25.2882,0.0000,-17.7143,0.791732
25.1651,0.0000,-17.7160,0.792287
25.0280,0.0000,-17.7178,0.792904
24.8998,0.0000,-17.7195,0.793472
24.7691,0.0000,-17.7212,0.794057
24.6360,0.0000,-17.7229,0.794657
24.4883,0.0000,-17.7248,0.795318
24.3517,0.0000,-17.7266,0.795938
24.2024,0.0000,-17.7284,0.796612
24.0654,0.0000,-17.7302,0.797239
23.9160,0.0000,-17.7320,0.797927
23.7667,0.0000,-17.7338,0.798602
23.6299,0.0000,-17.7355,0.799235
23.4808,0.0000,-17.7373,0.799923
23.3317,0.0000,-17.7391,0.800606
23.1829,0.0000,-17.7408,0.801285
23.0341,0.0000,-17.7426,0.801963
22.8854,0.0000,-17.7443,0.802648
22.7483,0.0000,-17.7459,0.803272
22.5964,0.0000,-17.7476,0.803971
22.4547,0.0000,-17.7492,0.804622
22.2972,0.0000,-17.7510,0.805342
22.1504,0.0000,-17.7526,0.806020
21.9874,0.0000,-17.7544,0.806767
21.8355,0.0000,-17.7560,0.807466
21.6811,0.0000,-17.7576,0.808182
21.5100,0.0000,-17.7594,0.808966
21.3359,0.0000,-17.7612,0.809770
21.1589,0.0000,-17.7630,0.810582
20.9941,0.0000,-17.7646,0.811338
20.8118,0.0000,-17.7664,0.812184
20.6282,0.0000,-17.7682,0.813030
20.4445,0.0000,-17.7700,0.813876
20.2607,0.0000,-17.7717,0.814730
20.0923,0.0000,-17.7733,0.815501
19.9087,0.0000,-17.7750,0.816349
19.7252,0.0000,-17.7766,0.817190
19.5418,0.0000,-17.7782,0.818037
19.3586,0.0000,-17.7798,0.818878
19.1755,0.0000,-17.7814,0.819725
19.0078,0.0000,-17.7828,0.820497
18.8402,0.0000,-17.7842,0.821269
18.6728,0.0000,-17.7856,0.822041
18.4903,0.0000,-17.7871,0.822882
18.3231,0.0000,-17.7884,0.823647
18.1560,0.0000,-17.7898,0.824419
17.9738,0.0000,-17.7912,0.825254
17.8069,0.0000,-17.7924,0.826019
17.6250,0.0000,-17.7938,0.826860
17.4584,0.0000,-17.7950,0.827632
17.2919,0.0000,-17.7962,0.828452
17.1105,0.0000,-17.7975,0.829228
16.9442,0.0000,-17.7987,0.829991
16.7479,0.0000,-17.8001,0.830893
16.5669,0.0000,-17.8013,0.831729
16.3859,0.0000,-17.8025,0.832559
16.2051,0.0000,-17.8038,0.833401
16.0245,0.0000,-17.8049,0.834237
15.8439,0.0000,-17.8061,0.835073
15.6636,0.0000,-17.8072,0.835903
15.4833,0.0000,-17.8083,0.836730
15.3032,0.0000,-17.8094,0.837558
15.1083,0.0000,-17.8106,0.838458
14.9434,0.0000,-17.8116,0.839212
14.7637,0.0000,-17.8126,0.840040
14.5842,0.0000,-17.8136,0.840867
14.4047,0.0000,-17.8146,0.841701
14.2245,0.0000,-17.8156,0.842526
14.0423,0.0000,-17.8165,0.843364
13.8573,0.0000,-17.8175,0.844220
13.6694,0.0000,-17.8184,0.845077
13.4787,0.0000,-17.8194,0.845961
13.3013,0.0000,-17.8202,0.846778
13.0885,0.0000,-17.8212,0.847760
12.8892,0.0000,-17.8220,0.848676
12.7039,0.0000,-17.8228,0.849532
12.5000,0.0000,-17.8237,0.850467
12.2953,0.0000,-17.8245,0.851415
12.0735,0.0000,-17.8254,0.852435
11.8859,0.0000,-17.8261,0.853297
11.6813,0.0000,-17.8268,0.854245
11.4768,0.0000,-17.8275,0.855186
11.2725,0.0000,-17.8282,0.856127
11.0513,0.0000,-17.8289,0.857146
10.8473,0.0000,-17.8295,0.858080
10.6435,0.0000,-17.8301,0.859021
10.4228,0.0000,-17.8307,0.860041
10.2193,0.0000,-17.8313,0.860975
10.0160,0.0000,-17.8318,0.861909
9.8128,0.0000,-17.8323,0.862850
9.6097,0.0000,-17.8328,0.863784
9.4237,0.0000,-17.8332,0.864639
9.2209,0.0000,-17.8336,0.865580
9.0014,0.0000,-17.8340,0.866586
8.7990,0.0000,-17.8344,0.867520
8.5967,0.0000,-17.8347,0.868455
8.3946,0.0000,-17.8350,0.869382
8.1758,0.0000,-17.8353,0.870395
7.9740,0.0000,-17.8356,0.871323
7.7555,0.0000,-17.8359,0.872329
7.5541,0.0000,-17.8362,0.873257
7.3360,0.0000,-17.8365,0.874270
7.1348,0.0000,-17.8368,0.875191
6.9338,0.0000,-17.8372,0.876119
6.7330,0.0000,-17.8375,0.877047
6.5323,0.0000,-17.8378,0.877974
6.3317,0.0000,-17.8380,0.878902
6.1314,0.0000,-17.8383,0.879823
5.9311,0.0000,-17.8386,0.880744
5.7310,0.0000,-17.8389,0.881665
5.5311,0.0000,-17.8392,0.882593
5.3313,0.0000,-17.8395,0.883514
5.1317,0.0000,-17.8398,0.884436
4.9488,0.0000,-17.8401,0.885278
4.7328,0.0000,-17.8404,0.886271
4.5337,0.0000,-17.8406,0.887193
4.3346,0.0000,-17.8409,0.888114
4.1357,0.0000,-17.8412,0.889028
3.9204,0.0000,-17.8415,0.890022
3.7219,0.0000,-17.8417,0.890943
3.5234,0.0000,-17.8420,0.891858
3.3252,0.0000,-17.8422,0.892772
3.1270,0.0000,-17.8425,0.893687
2.9126,0.0000,-17.8428,0.894674
2.7147,0.0000,-17.8430,0.895595
2.5171,0.0000,-17.8433,0.896510
2.3196,0.0000,-17.8435,0.897418
2.1222,0.0000,-17.8437,0.898326
1.9250,0.0000,-17.8440,0.899240
1.7279,0.0000,-17.8442,0.900155
1.5146,0.0000,-17.8445,0.901135
1.3342,0.0000,-17.8447,0.901971
1.1376,0.0000,-17.8449,0.902879
0.9411,0.0000,-17.8451,0.903787
0.7448,0.0000,-17.8454,0.904695
0.5486,0.0000,-17.8456,0.905603
0.3526,0.0000,-17.8458,0.906504
0.1567,0.0000,-17.8460,0.907412
-0.0554,0.0000,-17.8462,0.908385
-0.2509,0.0000,-17.8464,0.909293
-0.4464,0.0000,-17.8466,0.910195
-0.6416,0.0000,-17.8468,0.911096
-0.8368,0.0000,-17.8470,0.911997
-1.0318,0.0000,-17.8472,0.912898
-1.2266,0.0000,-17.8474,0.913800
-1.4051,0.0000,-17.8476,0.914629
-1.5996,0.0000,-17.8478,0.915523
-1.7940,0.0000,-17.8480,0.916424
-1.9721,0.0000,-17.8481,0.917247
-2.1662,0.0000,-17.8483,0.918142
-2.3441,0.0000,-17.8485,0.918964
-2.5544,0.0000,-17.8487,0.919938
-2.7333,0.0000,-17.8488,0.920767
-2.9308,0.0000,-17.8490,0.921681
-3.1311,0.0000,-17.8492,0.922596
-3.3513,0.0000,-17.8493,0.923616
-3.5575,0.0000,-17.8495,0.924571
-3.7666,0.0000,-17.8497,0.925538
-3.9786,0.0000,-17.8498,0.926513
-4.1934,0.0000,-17.8500,0.927507
-4.4099,0.0000,-17.8501,0.928507
-4.6269,0.0000,-17.8502,0.929508
-4.8440,0.0000,-17.8504,0.930516
-5.0609,0.0000,-17.8505,0.931512
-5.2778,0.0000,-17.8506,0.932520
-5.5126,0.0000,-17.8508,0.933602
-5.7111,0.0000,-17.8509,0.934505
-5.9275,0.0000,-17.8510,0.935513
-6.1437,0.0000,-17.8511,0.936509
-6.3418,0.0000,-17.8512,0.937428
-6.5577,0.0000,-17.8513,0.938420
-6.7734,0.0000,-17.8514,0.939419
-6.9710,0.0000,-17.8515,0.940331
-7.1865,0.0000,-17.8516,0.941323
-7.3838,0.0000,-17.8517,0.942229
-7.5990,0.0000,-17.8518,0.943221
-7.8140,0.0000,-17.8519,0.944212
-8.0288,0.0000,-17.8520,0.945209
-8.2434,0.0000,-17.8521,0.946200
-8.4400,0.0000,-17.8522,0.947104
-8.6544,0.0000,-17.8522,0.948088
-8.8685,0.0000,-17.8523,0.949072
-9.0826,0.0000,-17.8524,0.950057
-9.2964,0.0000,-17.8525,0.951049
-9.5101,0.0000,-17.8525,0.952035
-9.7237,0.0000,-17.8526,0.953021
-9.9193,0.0000,-17.8527,0.953919
-10.1325,0.0000,-17.8527,0.954898
-10.3456,0.0000,-17.8528,0.955878
-10.5585,0.0000,-17.8529,0.956850
-10.7535,0.0000,-17.8529,0.957752
-10.9661,0.0000,-17.8530,0.958736
-11.1786,0.0000,-17.8530,0.959714
-11.3909,0.0000,-17.8530,0.960691
-11.6030,0.0000,-17.8531,0.961662
-11.8150,0.0000,-17.8531,0.962639
-12.0444,0.0000,-17.8532,0.963677
-12.2561,0.0000,-17.8532,0.964660
-12.4676,0.0000,-17.8532,0.965638
-12.6789,0.0000,-17.8533,0.966609
-12.9076,0.0000,-17.8533,0.967663
-13.1186,0.0000,-17.8533,0.968634
-13.3470,0.0000,-17.8533,0.969667
-13.5752,0.0000,-17.8533,0.970721
-13.8033,0.0000,-17.8534,0.971768
-14.0311,0.0000,-17.8534,0.972811
-14.2588,0.0000,-17.8534,0.973861
-14.4687,0.0000,-17.8534,0.974819
-14.6961,0.0000,-17.8534,0.975869
-14.9232,0.0000,-17.8534,0.976883
-15.1327,0.0000,-17.8534,0.977842
-15.3420,0.0000,-17.8534,0.978804
-15.5686,0.0000,-17.8534,0.979841
-15.7776,0.0000,-17.8534,0.980806
-16.0038,0.0000,-17.8533,0.981835
-16.2299,0.0000,-17.8533,0.982864
-16.4384,0.0000,-17.8533,0.983815
-16.6467,0.0000,-17.8533,0.984752
-16.8549,0.0000,-17.8532,0.985700
-17.0630,0.0000,-17.8532,0.986653
-17.2883,0.0000,-17.8531,0.987685
-17.5135,0.0000,-17.8528,0.988702
-17.7211,0.0000,-17.8525,0.989648
-17.9459,0.0000,-17.8520,0.990665
-18.1705,0.0000,-17.8514,0.991676
-18.3949,0.0000,-17.8508,0.992693
-18.6019,0.0000,-17.8502,0.993627
-18.8259,0.0000,-17.8495,0.994639
-19.0498,0.0000,-17.8487,0.995652
-19.2735,0.0000,-17.8479,0.996657
-19.4799,0.0000,-17.8470,0.997576
-19.6860,0.0000,-17.8461,0.998517
-19.8921,0.0000,-17.8451,0.999436
