-8.9214,0.0000,-17.9669,0.000210
-8.9225,0.0000,-18.0879,0.000527
-8.9235,0.0000,-18.2026,0.000835
-8.9246,0.0000,-18.3202,0.001147
-8.9256,0.0000,-18.4408,0.001472
-8.9268,0.0000,-18.5741,0.001822
-8.9279,0.0000,-18.6989,0.002155
-8.9289,0.0000,-18.8140,0.002463
-8.9300,0.0000,-18.9507,0.002825
-8.9311,0.0000,-19.0772,0.003162
-8.9321,0.0000,-19.2040,0.003499
-8.9332,0.0000,-19.3310,0.003837
-8.9342,0.0000,-19.4583,0.004178
-8.9353,0.0000,-19.5859,0.004518
-8.9364,0.0000,-19.7249,0.004881
-8.9374,0.0000,-19.8545,0.005228
-8.9384,0.0000,-19.9862,0.005584
-8.9395,0.0000,-20.1207,0.005939
-8.9404,0.0000,-20.2466,0.006273
-8.9414,0.0000,-20.3867,0.006645
-8.9425,0.0000,-20.5297,0.007030
-8.9434,0.0000,-20.6633,0.007385
-8.9445,0.0000,-20.8119,0.007781
-8.9455,0.0000,-20.9634,0.008190
-8.9465,0.0000,-21.1178,0.008602
-8.9475,0.0000,-21.2619,0.008981
-8.9486,0.0000,-21.4351,0.009446
-8.9496,0.0000,-21.5832,0.009837
-8.9506,0.0000,-21.7457,0.010269
-8.9516,0.0000,-21.9086,0.010709
-8.9525,0.0000,-22.0581,0.011105
-8.9534,0.0000,-22.2076,0.011508
-8.9543,0.0000,-22.3707,0.011944
-8.9552,0.0000,-22.5201,0.012348
-8.9561,0.0000,-22.6830,0.012794
-8.9569,0.0000,-22.8321,0.013183
-8.9578,0.0000,-22.9947,0.013619
-8.9586,0.0000,-23.1437,0.014012
-8.9594,0.0000,-23.2925,0.014413
-8.9603,0.0000,-23.4547,0.014845
-8.9610,0.0000,-23.6033,0.015246
-8.9618,0.0000,-23.7519,0.015647
-8.9625,0.0000,-23.9003,0.016043
-8.9633,0.0000,-24.0621,0.016484
-8.9640,0.0000,-24.2103,0.016887
-8.9647,0.0000,-24.3718,0.017316
-8.9654,0.0000,-24.5198,0.017710
-8.9661,0.0000,-24.6677,0.018107
-8.9668,0.0000,-24.8288,0.018540
-8.9674,0.0000,-24.9765,0.018942
-8.9680,0.0000,-25.1240,0.019343
-8.9687,0.0000,-25.2849,0.019772
-8.9692,0.0000,-25.4322,0.020178
-8.9699,0.0000,-25.5928,0.020615
-8.9704,0.0000,-25.7399,0.021009
-8.9710,0.0000,-25.9003,0.021447
-8.9715,0.0000,-26.0472,0.021834
-8.9721,0.0000,-26.2073,0.022272
-8.9726,0.0000,-26.3540,0.022663
-8.9731,0.0000,-26.5139,0.023101
-8.9736,0.0000,-26.6736,0.023535
-8.9741,0.0000,-26.8333,0.023969
-8.9745,0.0000,-26.9795,0.024368
-8.9750,0.0000,-27.1390,0.024805
-8.9754,0.0000,-27.2982,0.025230
-8.9758,0.0000,-27.4574,0.025659
-8.9762,0.0000,-27.6032,0.026056
-8.9766,0.0000,-27.7621,0.026489
-8.9769,0.0000,-27.9077,0.026883
-8.9773,0.0000,-28.0664,0.027323
-8.9776,0.0000,-28.2118,0.027721
-8.9779,0.0000,-28.3702,0.028153
-8.9783,0.0000,-28.5285,0.028593
-8.9785,0.0000,-28.6736,0.028984
-8.9788,0.0000,-28.8317,0.029413
-8.9791,0.0000,-28.9765,0.029807
-8.9793,0.0000,-29.1212,0.030201
-8.9795,0.0000,-29.2798,0.030637
-8.9797,0.0000,-29.4401,0.031073
-8.9799,0.0000,-29.5890,0.031487
-8.9801,0.0000,-29.7536,0.031942
-8.9802,0.0000,-29.9065,0.032366
-8.9803,0.0000,-30.0613,0.032790
-8.9804,0.0000,-30.2317,0.033257
-8.9805,0.0000,-30.4030,0.033721
-8.9806,0.0000,-30.5602,0.034159
-8.9807,0.0000,-30.7318,0.034634
-8.9807,0.0000,-30.8890,0.035071
-8.9807,0.0000,-31.0605,0.035542
-8.9807,0.0000,-31.2175,0.035976
-8.9807,0.0000,-31.3745,0.036413
-8.9807,0.0000,-31.5313,0.036846
-8.9807,0.0000,-31.6880,0.037278
-8.9807,0.0000,-31.8446,0.037710
-8.9806,0.0000,-32.0011,0.038142
-8.9805,0.0000,-32.1717,0.038612
-8.9804,0.0000,-32.3279,0.039048
-8.9802,0.0000,-32.4840,0.039488
-8.9802,0.0000,-32.6538,0.039965
-8.9811,0.0000,-32.8071,0.040405
-8.9854,0.0000,-32.9734,0.040878
-8.9930,0.0000,-33.1251,0.041317
-9.0068,0.0000,-33.2946,0.041801
-9.0225,0.0000,-33.4531,0.042247
-9.0372,0.0000,-33.6123,0.042694
-9.0504,0.0000,-33.7871,0.043189
-9.0595,0.0000,-33.9457,0.043628
-9.0679,0.0000,-34.1047,0.044086
-9.0768,0.0000,-34.2784,0.044573
-9.0850,0.0000,-34.4376,0.045019
-9.0942,0.0000,-34.6112,0.045507
-9.1027,0.0000,-34.7702,0.045953
-9.1111,0.0000,-34.9290,0.046399
-9.1195,0.0000,-35.0878,0.046849
-9.1278,0.0000,-35.2464,0.047299
-9.1353,0.0000,-35.3906,0.047711
-9.1444,0.0000,-35.5634,0.048199
-9.1528,0.0000,-35.7217,0.048645
-9.1612,0.0000,-35.8800,0.049090
-9.1697,0.0000,-36.0382,0.049536
-9.1781,0.0000,-36.1969,0.049990
-9.1865,0.0000,-36.3568,0.050447
-9.1951,0.0000,-36.5185,0.050904
-9.2038,0.0000,-36.6819,0.051369
-9.2126,0.0000,-36.8472,0.051848
-9.2215,0.0000,-37.0142,0.052317
-9.2304,0.0000,-37.1823,0.052800
-9.2402,0.0000,-37.3663,0.053321
-9.2492,0.0000,-37.5352,0.053804
-9.2591,0.0000,-37.7194,0.054336
-9.2689,0.0000,-37.9035,0.054860
-9.2788,0.0000,-38.0875,0.055392
-9.2887,0.0000,-38.2714,0.055916
-9.2986,0.0000,-38.4536,0.056441
-9.3090,0.0000,-38.6174,0.056916
-9.3226,0.0000,-38.7794,0.057407
-9.3418,0.0000,-38.9536,0.057931
-9.3656,0.0000,-39.1164,0.058418
-9.3920,0.0000,-39.2803,0.058893
-9.4173,0.0000,-39.4446,0.059376
-9.4401,0.0000,-39.6103,0.059856
-9.4599,0.0000,-39.7744,0.060331
-9.4787,0.0000,-39.9390,0.060814
-9.4972,0.0000,-40.1038,0.061293
-9.5158,0.0000,-40.2687,0.061772
-9.5345,0.0000,-40.4334,0.062255
-9.5534,0.0000,-40.5980,0.062734
-9.5722,0.0000,-40.7626,0.063225
-9.5910,0.0000,-40.9270,0.063700
-9.6096,0.0000,-41.0914,0.064179
-9.6283,0.0000,-41.2556,0.064654
-9.6470,0.0000,-41.4197,0.065137
-9.6657,0.0000,-41.5837,0.065620
-9.6861,0.0000,-41.7625,0.066144
-9.7049,0.0000,-41.9262,0.066623
-9.7253,0.0000,-42.1052,0.067154
-9.7443,0.0000,-42.2709,0.067637
-9.7635,0.0000,-42.4389,0.068123
-9.7848,0.0000,-42.6248,0.068669
-9.8046,0.0000,-42.7978,0.069174
-9.8246,0.0000,-42.9728,0.069691
-9.8449,0.0000,-43.1490,0.070207
-9.8652,0.0000,-43.3255,0.070731
-9.8858,0.0000,-43.5019,0.071254
-9.9066,0.0000,-43.6783,0.071771
-9.9275,0.0000,-43.8547,0.072290
-9.9486,0.0000,-44.0310,0.072806
-9.9717,0.0000,-44.2232,0.073371
-9.9929,0.0000,-44.3992,0.073891
-10.0142,0.0000,-44.5751,0.074414
-10.0356,0.0000,-44.7507,0.074930
-10.0569,0.0000,-44.9235,0.075443
-10.0804,0.0000,-45.0937,0.075958
-10.1076,0.0000,-45.2617,0.076478
-10.1391,0.0000,-45.4268,0.076997
-10.1773,0.0000,-45.5945,0.077509
-10.2188,0.0000,-45.7628,0.078033
-10.2631,0.0000,-45.9469,0.078601
-10.3016,0.0000,-46.1174,0.079109
-10.3369,0.0000,-46.2873,0.079620
-10.3707,0.0000,-46.4573,0.080128
-10.4042,0.0000,-46.6277,0.080647
-10.4377,0.0000,-46.7982,0.081166
-10.4713,0.0000,-46.9687,0.081681
-10.5051,0.0000,-47.1391,0.082204
-10.5419,0.0000,-47.3248,0.082760
-10.5755,0.0000,-47.4938,0.083271
-10.6096,0.0000,-47.6596,0.083782
-10.6466,0.0000,-47.8230,0.084289
-10.6832,0.0000,-47.9693,0.084766
-10.7272,0.0000,-48.1271,0.085281
-10.7754,0.0000,-48.2814,0.085795
-10.8282,0.0000,-48.4315,0.086328
-10.8871,0.0000,-48.5793,0.086827
-10.9545,0.0000,-48.7276,0.087333
-11.0318,0.0000,-48.8858,0.087873
-11.1036,0.0000,-49.0300,0.088379
-11.1815,0.0000,-49.1888,0.088945
-11.2518,0.0000,-49.3365,0.089466
-11.3193,0.0000,-49.4843,0.089998
-11.3849,0.0000,-49.6285,0.090197
-11.4593,0.0000,-49.7832,0.090366
-11.5242,0.0000,-49.9092,0.090513
-11.6061,0.0000,-50.0555,0.090697
-11.6885,0.0000,-50.1879,0.090896
-11.7767,0.0000,-50.3191,0.093921
-12.3493,0.0000,-51.2271,0.098569
-12.4306,0.0000,-51.3653,0.098952
-12.5046,0.0000,-51.4908,0.099301
-12.5860,0.0000,-51.6288,0.099684
-12.6599,0.0000,-51.7542,0.100022
-12.7411,0.0000,-51.8921,0.100405
-12.8212,0.0000,-52.0276,0.105459
-13.3241,0.0000,-52.7495,0.108767
-13.4147,0.0000,-52.8563,0.108904
-13.5175,0.0000,-52.9710,0.109045
-13.6231,0.0000,-53.0822,0.109178
-13.7211,0.0000,-53.1792,0.109307
-13.8320,0.0000,-53.2807,0.109432
-13.9490,0.0000,-53.3763,0.109577
-14.0688,0.0000,-53.4635,0.110073
-14.1837,0.0000,-53.5359,0.110522
-14.3120,0.0000,-53.6067,0.110983
-14.4295,0.0000,-53.6639,0.111388
-14.5595,0.0000,-53.7218,0.111806
-14.6783,0.0000,-53.7723,0.112181
-14.8088,0.0000,-53.8273,0.112575
-14.9226,0.0000,-53.8749,0.112934
-15.0481,0.0000,-53.9235,0.113312
-15.1625,0.0000,-53.9633,0.113669
-15.2880,0.0000,-54.0011,0.114084
-15.4126,0.0000,-54.0312,0.114496
-15.5388,0.0000,-54.0525,0.114911
-15.6647,0.0000,-54.0645,0.115291
-15.8004,0.0000,-54.0675,0.115710
-15.9272,0.0000,-54.0609,0.116066
-16.0744,0.0000,-54.0459,0.116490
-16.1980,0.0000,-54.0305,0.116842
-16.3334,0.0000,-54.0128,0.117229
-16.4703,0.0000,-53.9952,0.117593
-16.6090,0.0000,-53.9781,0.117984
-16.7382,0.0000,-53.9637,0.118334
-16.8814,0.0000,-53.9497,0.118728
-17.0147,0.0000,-53.9391,0.119083
-17.1501,0.0000,-53.9313,0.119430
-17.2970,0.0000,-53.9262,0.119800
-17.4313,0.0000,-53.9229,0.120166
-17.5662,0.0000,-53.9199,0.120505
-17.6889,0.0000,-53.9174,0.120820
-17.8272,0.0000,-53.9156,0.121175
-17.9792,0.0000,-53.9173,0.121549
-18.1194,0.0000,-53.9229,0.121899
-18.2600,0.0000,-53.9332,0.122252
-18.4009,0.0000,-53.9486,0.122605
-18.5391,0.0000,-53.9690,0.122942
-18.6844,0.0000,-53.9949,0.123319
-18.8284,0.0000,-54.0209,0.123703
-18.9825,0.0000,-54.0467,0.124099
-19.1226,0.0000,-54.0676,0.124472
-19.2618,0.0000,-54.0850,0.124833
-19.3901,0.0000,-54.0987,0.125182
-19.5308,0.0000,-54.1130,0.125554
-19.6593,0.0000,-54.1263,0.125893
-19.7995,0.0000,-54.1410,0.126259
-19.9278,0.0000,-54.1546,0.126598
-20.0563,0.0000,-54.1682,0.126941
-20.1964,0.0000,-54.1832,0.127300
-20.3358,0.0000,-54.1984,0.127663
-20.4633,0.0000,-54.2120,0.128017
-20.5912,0.0000,-54.2255,0.128345
-20.7322,0.0000,-54.2402,0.128727
-20.8639,0.0000,-54.2540,0.129066
-20.9981,0.0000,-54.2680,0.129425
-21.1473,0.0000,-54.2837,0.129830
-21.2995,0.0000,-54.2999,0.130227
-21.4565,0.0000,-54.3172,0.130640
-21.6152,0.0000,-54.3380,0.131057
-21.7712,0.0000,-54.3624,0.131462
-21.9269,0.0000,-54.3891,0.131868
-22.0665,0.0000,-54.4141,0.132238
-22.2048,0.0000,-54.4371,0.132612
-22.3451,0.0000,-54.4578,0.132975
-22.4981,0.0000,-54.4794,0.133372
-22.6509,0.0000,-54.5005,0.133774
-22.7908,0.0000,-54.5198,0.134133
-22.9321,0.0000,-54.5397,0.134500
-23.0886,0.0000,-54.5639,0.134903
-23.2325,0.0000,-54.5900,0.135262
-23.3763,0.0000,-54.6205,0.135636
-23.5169,0.0000,-54.6546,0.135995
-23.6568,0.0000,-54.6916,0.136362
-23.8084,0.0000,-54.7342,0.136753
-23.9314,0.0000,-54.7700,0.137092
-24.0653,0.0000,-54.8080,0.137447
-24.2103,0.0000,-54.8464,0.137849
-24.3562,0.0000,-54.8817,0.138231
-24.4908,0.0000,-54.9127,0.138592
-24.6374,0.0000,-54.9463,0.138985
-24.7837,0.0000,-54.9798,0.139370
-24.9300,0.0000,-55.0135,0.139767
-25.0761,0.0000,-55.0472,0.140175
-25.2220,0.0000,-55.0809,0.140596
-25.3557,0.0000,-55.1117,0.140965
-25.5137,0.0000,-55.1480,0.141436
-25.6472,0.0000,-55.1788,0.141809
-25.7927,0.0000,-55.2125,0.142176
-25.9381,0.0000,-55.2462,0.142555
-26.0833,0.0000,-55.2799,0.142938
-26.2285,0.0000,-55.3136,0.143355
-26.3614,0.0000,-55.3445,0.143769
-26.4942,0.0000,-55.3753,0.144164
-26.6270,0.0000,-55.4062,0.144601
-26.7716,0.0000,-55.4398,0.145108
-26.9057,0.0000,-55.4711,0.145589
-27.0360,0.0000,-55.5025,0.146025
-27.1765,0.0000,-55.5346,0.146463
-27.3042,0.0000,-55.5607,0.146873
-27.4423,0.0000,-55.5848,0.147339
-27.5790,0.0000,-55.6038,0.147824
-27.7249,0.0000,-55.6180,0.148357
-27.8464,0.0000,-55.6247,0.148839
-27.9868,0.0000,-55.6259,0.149439
-28.1129,0.0000,-55.6206,0.149968
-28.2350,0.0000,-55.6091,0.150439
-28.3527,0.0000,-55.5915,0.150906
-28.4817,0.0000,-55.5615,0.151417
-28.5997,0.0000,-55.5242,0.151880
-28.7135,0.0000,-55.4823,0.152379
-28.8163,0.0000,-55.4431,0.152866
-28.9246,0.0000,-55.4022,0.153404
-29.0214,0.0000,-55.3637,0.153923
-29.1136,0.0000,-55.3245,0.154367
-29.2104,0.0000,-55.2790,0.154855
-29.2947,0.0000,-55.2338,0.155307
-29.3698,0.0000,-55.1862,0.155717
-29.4472,0.0000,-55.1289,0.156181
-29.5185,0.0000,-55.0679,0.156665
-29.5846,0.0000,-55.0041,0.157161
-29.6497,0.0000,-54.9347,0.157696
-29.7201,0.0000,-54.8584,0.158228
-29.7921,0.0000,-54.7827,0.158728
-29.8598,0.0000,-54.7137,0.159209
-29.9266,0.0000,-54.6483,0.159671
-29.9895,0.0000,-54.5862,0.160195
-30.0538,0.0000,-54.5172,0.160771
-30.1116,0.0000,-54.4466,0.161437
-30.1616,0.0000,-54.3723,0.162087
-30.2085,0.0000,-54.2956,0.162588
-30.2610,0.0000,-54.2128,0.163156
-30.3115,0.0000,-54.1372,0.163721
-30.3625,0.0000,-54.0625,0.164273
-30.4168,0.0000,-53.9877,0.164947
-30.4730,0.0000,-53.9158,0.165793
-30.5267,0.0000,-53.8491,0.166529
-30.5769,0.0000,-53.7818,0.167108
-30.6178,0.0000,-53.7199,0.167604
-30.6567,0.0000,-53.6511,0.168127
-30.6897,0.0000,-53.5820,0.168663
-30.7176,0.0000,-53.5133,0.169234
-30.7418,0.0000,-53.4411,0.169857
-30.7613,0.0000,-53.3749,0.170421
-30.7810,0.0000,-53.3027,0.170940
-30.7991,0.0000,-53.2314,0.171377
-30.8165,0.0000,-53.1545,0.171842
-30.8298,0.0000,-53.0851,0.172244
-30.8403,0.0000,-53.0165,0.172625
-30.8488,0.0000,-52.9428,0.173055
-30.8548,0.0000,-52.8699,0.173484
-30.8586,0.0000,-52.8039,0.173901
-30.8613,0.0000,-52.7327,0.174382
-30.8626,0.0000,-52.6625,0.174785
-30.8624,0.0000,-52.5935,0.175116
-30.8601,0.0000,-52.5203,0.175455
-30.8560,0.0000,-52.4543,0.175727
-30.8499,0.0000,-52.3897,0.175996
-30.8421,0.0000,-52.3265,0.176248
-30.8323,0.0000,-52.2595,0.176509
-30.8230,0.0000,-52.2033,0.176718
-30.8117,0.0000,-52.1417,0.176947
-30.7981,0.0000,-52.0744,0.177207
-30.7843,0.0000,-52.0118,0.177428
-30.7688,0.0000,-51.9493,0.177668
-30.7501,0.0000,-51.8829,0.177921
-30.7309,0.0000,-51.8235,0.178185
-30.7102,0.0000,-51.7658,0.178478
-30.6866,0.0000,-51.7050,0.178749
-30.6642,0.0000,-51.6502,0.178976
-30.6413,0.0000,-51.5966,0.179168
-30.6162,0.0000,-51.5402,0.179379
-30.5927,0.0000,-51.4897,0.179552
-30.5687,0.0000,-51.4410,0.179713
-30.5420,0.0000,-51.3903,0.179873
-30.5147,0.0000,-51.3418,0.180038
-30.4891,0.0000,-51.2987,0.180179
-30.4613,0.0000,-51.2534,0.180320
-30.4356,0.0000,-51.2130,0.180449
-30.4101,0.0000,-51.1739,0.180574
-30.3827,0.0000,-51.1333,0.180704
-30.3553,0.0000,-51.0943,0.180829
-30.3272,0.0000,-51.0555,0.180951
-30.2997,0.0000,-51.0192,0.181072
-30.2683,0.0000,-50.9792,0.181201
-30.2353,0.0000,-50.9381,0.181338
-30.2004,0.0000,-50.8962,0.181479
-30.1635,0.0000,-50.8539,0.181624
-30.1245,0.0000,-50.8115,0.181777
-30.0834,0.0000,-50.7692,0.181934
-30.0437,0.0000,-50.7303,0.182083
-29.9989,0.0000,-50.6883,0.182266
-29.9523,0.0000,-50.6465,0.182449
-29.9077,0.0000,-50.6082,0.182625
-29.8617,0.0000,-50.5701,0.182796
-29.8101,0.0000,-50.5295,0.182991
-29.7608,0.0000,-50.4927,0.183171
-29.7098,0.0000,-50.4566,0.183354
-29.6526,0.0000,-50.4184,0.183556
-29.5980,0.0000,-50.3840,0.183740
-29.5370,0.0000,-50.3476,0.183946
-29.4789,0.0000,-50.3150,0.184141
-29.4141,0.0000,-50.2807,0.184356
-29.3472,0.0000,-50.2477,0.184574
-29.2784,0.0000,-50.2162,0.184796
-29.2076,0.0000,-50.1863,0.185022
-29.1407,0.0000,-50.1604,0.185237
-29.0604,0.0000,-50.1322,0.185486
-28.9841,0.0000,-50.1080,0.185724
-28.9120,0.0000,-50.0876,0.185946
-28.8260,0.0000,-50.0660,0.186208
-28.7507,0.0000,-50.0497,0.186439
-28.6741,0.0000,-50.0354,0.186669
-28.5962,0.0000,-50.0234,0.186904
-28.5104,0.0000,-50.0130,0.187158
-28.4232,0.0000,-50.0055,0.187416
-28.3348,0.0000,-50.0010,0.187674
-28.2523,0.0000,-49.9995,0.187917
-28.1626,0.0000,-50.0010,0.188175
-28.0734,0.0000,-50.0060,0.188437
-27.9847,0.0000,-50.0151,0.188695
-27.8944,0.0000,-50.0298,0.188949
-27.8109,0.0000,-50.0481,0.189180
-27.7267,0.0000,-50.0709,0.189410
-27.6382,0.0000,-50.0986,0.189633
-27.5477,0.0000,-50.1265,0.189860
-27.4461,0.0000,-50.1559,0.190114
-27.3567,0.0000,-50.1799,0.190325
-27.2556,0.0000,-50.2050,0.190567
-27.1506,0.0000,-50.2288,0.190816
-27.0414,0.0000,-50.2511,0.191070
-26.9280,0.0000,-50.2715,0.191327
-26.8204,0.0000,-50.2882,0.191573
-26.7004,0.0000,-50.3038,0.191838
-26.5759,0.0000,-50.3177,0.192123
-26.4473,0.0000,-50.3288,0.192403
-26.3148,0.0000,-50.3366,0.192696
-26.1787,0.0000,-50.3406,0.192996
-26.0512,0.0000,-50.3404,0.193277
-25.9252,0.0000,-50.3362,0.193573
-25.7891,0.0000,-50.3289,0.193881
-25.6517,0.0000,-50.3223,0.194222
-25.5251,0.0000,-50.3181,0.194525
-25.3750,0.0000,-50.3163,0.194891
-25.2446,0.0000,-50.3178,0.195209
-25.0998,0.0000,-50.3206,0.195555
-24.9542,0.0000,-50.3234,0.195905
-24.8182,0.0000,-50.3274,0.196228
-24.6791,0.0000,-50.3316,0.196555
-24.5254,0.0000,-50.3355,0.196909
-24.3841,0.0000,-50.3389,0.197231
-24.2381,0.0000,-50.3431,0.197565
-24.0914,0.0000,-50.3467,0.197904
-23.9427,0.0000,-50.3502,0.198257
-23.7920,0.0000,-50.3538,0.198667
-23.6393,0.0000,-50.3573,0.199047
-23.4847,0.0000,-50.3609,0.199418
-23.3269,0.0000,-50.3646,0.199766
-23.1642,0.0000,-50.3669,0.200110
-22.9984,0.0000,-50.3658,0.200435
-22.8452,0.0000,-50.3612,0.200716
-22.6740,0.0000,-50.3516,0.201010
-22.5005,0.0000,-50.3366,0.201303
-22.3250,0.0000,-50.3159,0.201588
-22.1495,0.0000,-50.2895,0.201858
-21.9626,0.0000,-50.2551,0.202159
-21.7750,0.0000,-50.2146,0.202515
-21.6022,0.0000,-50.1746,0.202848
-21.4132,0.0000,-50.1301,0.203188
-21.2402,0.0000,-50.0904,0.203513
-21.0680,0.0000,-50.0527,0.203826
-20.8761,0.0000,-50.0135,0.204155
-20.6984,0.0000,-49.9759,0.204460
-20.5050,0.0000,-49.9301,0.204773
-20.3282,0.0000,-49.8826,0.205059
-20.1365,0.0000,-49.8237,0.205364
-19.9627,0.0000,-49.7629,0.205646
-19.7963,0.0000,-49.6982,0.205904
-19.6322,0.0000,-49.6301,0.206174
-19.4548,0.0000,-49.5554,0.206448
-19.2938,0.0000,-49.4882,0.206691
-19.1172,0.0000,-49.4167,0.206953
-18.9523,0.0000,-49.3494,0.207219
-18.7743,0.0000,-49.2716,0.207500
-18.6128,0.0000,-49.1952,0.207774
-18.4530,0.0000,-49.1128,0.208056
-18.2810,0.0000,-49.0152,0.208381
-18.1258,0.0000,-48.9187,0.208682
-17.9640,0.0000,-48.8094,0.209022
-17.8204,0.0000,-48.7046,0.209370
-17.6664,0.0000,-48.5855,0.209765
-17.5270,0.0000,-48.4742,0.210161
-17.3890,0.0000,-48.3629,0.210584
-17.2524,0.0000,-48.2530,0.210964
-17.1168,0.0000,-48.1457,0.211305
-16.9817,0.0000,-48.0416,0.211642
-16.8442,0.0000,-47.9392,0.211939
-16.7054,0.0000,-47.8367,0.212214
-16.5787,0.0000,-47.7413,0.212460
-16.4411,0.0000,-47.6330,0.212719
-16.3056,0.0000,-47.5205,0.212954
-16.1730,0.0000,-47.4036,0.213197
-16.0436,0.0000,-47.2820,0.213409
-15.9182,0.0000,-47.1559,0.213620
-15.7974,0.0000,-47.0253,0.213828
-15.6819,0.0000,-46.8902,0.214024
-15.5724,0.0000,-46.7507,0.214263
-15.4695,0.0000,-46.6070,0.214558
-15.3660,0.0000,-46.4473,0.214861
-15.2799,0.0000,-46.2991,0.215101
-15.1949,0.0000,-46.1340,0.215360
-15.1255,0.0000,-45.9799,0.215577
-15.0646,0.0000,-45.8234,0.215789
-15.0081,0.0000,-45.6505,0.215994
-14.9656,0.0000,-45.4904,0.216151
-14.9324,0.0000,-45.3294,0.216348
-14.9067,0.0000,-45.1531,0.216528
-14.8930,0.0000,-44.9915,0.216682
-14.8887,0.0000,-44.8309,0.216835
-14.8932,0.0000,-44.6742,0.216985
-14.9054,0.0000,-44.5055,0.217126
-14.9191,0.0000,-44.3671,0.217244
-14.9365,0.0000,-44.2175,0.217378
-14.9555,0.0000,-44.0711,0.217504
-14.9751,0.0000,-43.9279,0.217622
-14.9962,0.0000,-43.7751,0.217759
-15.0144,0.0000,-43.6378,0.217885
-15.0308,0.0000,-43.5024,0.218007
-15.0449,0.0000,-43.3684,0.218129
-15.0571,0.0000,-43.2222,0.218302
-15.0669,0.0000,-43.0733,0.218484
-15.0761,0.0000,-42.9235,0.218677
-15.0854,0.0000,-42.7726,0.218862
-15.0949,0.0000,-42.6206,0.219051
-15.1046,0.0000,-42.4675,0.219236
-15.1143,0.0000,-42.3131,0.219426
-15.1241,0.0000,-42.1573,0.219611
-15.1339,0.0000,-42.0000,0.219796
-15.1439,0.0000,-41.8407,0.219985
-15.1541,0.0000,-41.6789,0.220178
-15.1636,0.0000,-41.5280,0.220336
-15.1747,0.0000,-41.3581,0.220525
-15.1875,0.0000,-41.1980,0.220691
-15.2059,0.0000,-41.0200,0.220876
-15.2276,0.0000,-40.8540,0.221049
-15.2573,0.0000,-40.6708,0.221223
-15.2908,0.0000,-40.5020,0.221384
-15.3306,0.0000,-40.3335,0.221538
-15.3796,0.0000,-40.1570,0.221704
-15.4344,0.0000,-39.9831,0.221861
-15.4867,0.0000,-39.8250,0.222011
-15.5384,0.0000,-39.6684,0.222153
-15.5928,0.0000,-39.4995,0.222291
-15.6441,0.0000,-39.3327,0.222424
-15.6919,0.0000,-39.1662,0.222578
-15.7377,0.0000,-38.9983,0.222735
-15.7828,0.0000,-38.8311,0.222884
-15.8253,0.0000,-38.6751,0.223030
-15.8756,0.0000,-38.5045,0.223187
-15.9311,0.0000,-38.3342,0.223360
-15.9871,0.0000,-38.1789,0.223521
-16.0600,0.0000,-37.9969,0.223718
-16.1213,0.0000,-37.8581,0.223871
-16.2016,0.0000,-37.6922,0.224064
-16.2742,0.0000,-37.5542,0.224225
-16.3600,0.0000,-37.4033,0.224426
-16.4603,0.0000,-37.2403,0.224650
-16.5576,0.0000,-37.0936,0.224874
-16.6590,0.0000,-36.9510,0.225106
-16.7665,0.0000,-36.8116,0.225346
-16.8799,0.0000,-36.6763,0.225610
-16.9989,0.0000,-36.5467,0.225889
-17.1235,0.0000,-36.4237,0.226192
-17.2539,0.0000,-36.3082,0.226364
-17.3876,0.0000,-36.2022,0.226520
-17.5260,0.0000,-36.1048,0.226684
-17.6685,0.0000,-36.0145,0.226848
-17.8127,0.0000,-35.9297,0.227024
-17.9568,0.0000,-35.8487,0.227203
-18.0996,0.0000,-35.7709,0.227395
-18.2274,0.0000,-35.7023,0.227582
-18.3779,0.0000,-35.6217,0.227813
-18.5006,0.0000,-35.5552,0.228035
-18.6326,0.0000,-35.4819,0.228277
-18.7612,0.0000,-35.4079,0.228558
-18.8773,0.0000,-35.3382,0.228840
-19.0042,0.0000,-35.2604,0.229230
-19.1191,0.0000,-35.1897,0.229621
-19.2451,0.0000,-35.1119,0.230249
-19.3711,0.0000,-35.0343,0.230693
-19.4970,0.0000,-34.9568,0.231090
-19.6227,0.0000,-34.8794,0.231452
-19.7484,0.0000,-34.8021,0.231790
-19.8741,0.0000,-34.7247,0.232108
-20.0008,0.0000,-34.6466,0.232406
-20.1296,0.0000,-34.5674,0.232717
-20.2629,0.0000,-34.4858,0.232996
-20.4010,0.0000,-34.4041,0.233279
-20.5569,0.0000,-34.3163,0.233589
-20.7049,0.0000,-34.2378,0.233848
-20.8576,0.0000,-34.1618,0.234115
-21.0153,0.0000,-34.0893,0.234386
-21.1869,0.0000,-34.0170,0.234695
-21.3476,0.0000,-33.9547,0.234992
-21.5108,0.0000,-33.8935,0.235294
-21.6742,0.0000,-33.8319,0.235618
-21.8359,0.0000,-33.7693,0.235951
-21.9952,0.0000,-33.7051,0.236283
-22.1547,0.0000,-33.6380,0.236636
-22.2987,0.0000,-33.5764,0.236960
-22.4566,0.0000,-33.5086,0.237340
-22.6142,0.0000,-33.4409,0.237708
-22.7716,0.0000,-33.3734,0.238114
-22.9290,0.0000,-33.3060,0.238478
-23.0863,0.0000,-33.2387,0.238838
-23.2434,0.0000,-33.1713,0.239197
-23.4004,0.0000,-33.1040,0.239561
-23.5573,0.0000,-33.0367,0.239929
-23.7141,0.0000,-32.9695,0.240300
-23.8708,0.0000,-32.9024,0.240671
-24.0427,0.0000,-32.8290,0.241078
-24.2042,0.0000,-32.7614,0.241465
-24.3849,0.0000,-32.6903,0.241895
-24.5555,0.0000,-32.6281,0.242286
-24.7308,0.0000,-32.5690,0.242725
-24.8939,0.0000,-32.5183,0.243097
-25.0889,0.0000,-32.4628,0.243551
-25.2682,0.0000,-32.4165,0.243943
-25.4487,0.0000,-32.3727,0.244343
-25.6289,0.0000,-32.3295,0.244703
-25.8073,0.0000,-32.2855,0.245059
-25.9839,0.0000,-32.2394,0.245416
-26.1609,0.0000,-32.1907,0.245749
-26.3369,0.0000,-32.1417,0.246086
-26.5123,0.0000,-32.0926,0.246407
-26.6714,0.0000,-32.0482,0.246706
-26.8463,0.0000,-31.9995,0.247036
-27.0210,0.0000,-31.9509,0.247378
-27.1956,0.0000,-31.9024,0.247743
-27.3542,0.0000,-31.8583,0.248085
-27.5285,0.0000,-31.8097,0.248466
-27.7185,0.0000,-31.7568,0.248906
-27.8926,0.0000,-31.7083,0.249346
-28.0667,0.0000,-31.6600,0.249805
-28.2416,0.0000,-31.6114,0.250265
-28.4197,0.0000,-31.5635,0.250657
-28.5996,0.0000,-31.5189,0.251053
-28.7649,0.0000,-31.4820,0.251414
-28.9486,0.0000,-31.4462,0.251837
-29.1322,0.0000,-31.4163,0.252261
-29.2956,0.0000,-31.3943,0.252664
-29.4752,0.0000,-31.3724,0.253127
-29.6375,0.0000,-31.3524,0.253562
-29.8141,0.0000,-31.3291,0.254068
-29.9730,0.0000,-31.3059,0.254519
-30.1487,0.0000,-31.2778,0.254987
-30.3075,0.0000,-31.2517,0.255395
-30.4658,0.0000,-31.2255,0.255824
-30.6554,0.0000,-31.1942,0.256335
-30.8290,0.0000,-31.1657,0.256794
-30.9868,0.0000,-31.1399,0.257211
-31.1601,0.0000,-31.1115,0.257690
-31.3334,0.0000,-31.0830,0.258170
-31.5066,0.0000,-31.0545,0.258625
-31.6796,0.0000,-31.0261,0.259095
-31.8525,0.0000,-30.9978,0.259565
-32.0410,0.0000,-30.9670,0.260071
-32.2136,0.0000,-30.9388,0.260541
-32.3862,0.0000,-30.9106,0.261008
-32.5586,0.0000,-30.8825,0.261455
-32.7309,0.0000,-30.8544,0.261929
-32.8875,0.0000,-30.8289,0.262341
-33.0596,0.0000,-30.8009,0.262812
-33.2316,0.0000,-30.7729,0.263275
-33.3879,0.0000,-30.7475,0.263699
-33.5596,0.0000,-30.7197,0.264154
-33.7157,0.0000,-30.6943,0.264586
-33.8872,0.0000,-30.6665,0.265033
-34.0587,0.0000,-30.6386,0.265508
-34.2298,0.0000,-30.6109,0.265967
-34.4008,0.0000,-30.5831,0.266434
-34.5710,0.0000,-30.5553,0.266895
-34.7383,0.0000,-30.5270,0.267356
-34.9040,0.0000,-30.4960,0.267825
-35.0705,0.0000,-30.4613,0.268275
-35.2377,0.0000,-30.4242,0.268732
-35.4071,0.0000,-30.3869,0.269182
-35.5756,0.0000,-30.3525,0.269631
-35.7436,0.0000,-30.3194,0.270065
-35.9120,0.0000,-30.2868,0.270535
-36.0805,0.0000,-30.2544,0.271026
-36.2490,0.0000,-30.2219,0.271486
-36.4173,0.0000,-30.1893,0.271939
-36.5702,0.0000,-30.1596,0.272324
-36.7383,0.0000,-30.1270,0.272745
-36.9062,0.0000,-30.0944,0.273142
-37.0741,0.0000,-30.0619,0.273547
-37.2266,0.0000,-30.0324,0.273893
-37.3943,0.0000,-29.9999,0.274275
-37.5466,0.0000,-29.9703,0.274606
-37.6988,0.0000,-29.9408,0.274945
-37.8510,0.0000,-29.9112,0.275293
-38.0182,0.0000,-29.8788,0.275680
-38.1853,0.0000,-29.8463,0.276095
-38.3371,0.0000,-29.8168,0.276466
-38.5040,0.0000,-29.7844,0.276892
-38.6859,0.0000,-29.7490,0.277378
-38.8525,0.0000,-29.7166,0.277848
-39.0191,0.0000,-29.6842,0.278342
-39.1855,0.0000,-29.6519,0.278751
-39.3518,0.0000,-29.6195,0.279152
-39.5330,0.0000,-29.5842,0.279608
-39.6991,0.0000,-29.5519,0.280060
-39.8801,0.0000,-29.5166,0.280563
-40.0462,0.0000,-29.4842,0.281062
-40.2132,0.0000,-29.4517,0.281601
-40.3661,0.0000,-29.4219,0.282127
-40.5355,0.0000,-29.3888,0.282718
-40.7063,0.0000,-29.3555,0.283291
-40.8626,0.0000,-29.3250,0.283800
-41.0358,0.0000,-29.2912,0.284321
-41.1936,0.0000,-29.2604,0.284799
-41.3658,0.0000,-29.2263,0.285281
-41.5200,0.0000,-29.1940,0.285731
-41.6739,0.0000,-29.1584,0.286146
-41.8283,0.0000,-29.1196,0.286568
-41.9840,0.0000,-29.0787,0.287032
-42.1568,0.0000,-29.0344,0.287532
-42.3286,0.0000,-28.9931,0.288016
-42.5003,0.0000,-28.9531,0.288500
-42.6724,0.0000,-28.9135,0.288988
-42.8445,0.0000,-28.8741,0.289468
-43.0166,0.0000,-28.8346,0.289924
-43.2043,0.0000,-28.7913,0.290436
-43.3761,0.0000,-28.7516,0.290890
-43.5478,0.0000,-28.7119,0.291360
-43.7195,0.0000,-28.6723,0.291843
-43.9066,0.0000,-28.6292,0.292356
-44.0781,0.0000,-28.5897,0.292826
-44.2494,0.0000,-28.5502,0.293297
-44.4205,0.0000,-28.5106,0.293783
-44.5916,0.0000,-28.4711,0.294249
-44.7469,0.0000,-28.4352,0.294650
-44.9178,0.0000,-28.3957,0.295076
-45.0885,0.0000,-28.3562,0.295498
-45.2590,0.0000,-28.3168,0.295955
-45.4140,0.0000,-28.2810,0.296417
-45.5689,0.0000,-28.2451,0.296918
-45.7391,0.0000,-28.2057,0.297521
-45.8938,0.0000,-28.1699,0.298172
-46.0637,0.0000,-28.1305,0.298891
-46.2331,0.0000,-28.0911,0.299505
-46.3993,0.0000,-28.0518,0.300119
-46.5629,0.0000,-28.0101,0.300710
-46.7238,0.0000,-27.9651,0.301285
-46.8815,0.0000,-27.9162,0.301856
-47.0354,0.0000,-27.8631,0.302400
-47.2034,0.0000,-27.7973,0.303118
-47.3572,0.0000,-27.7314,0.303719
-47.5241,0.0000,-27.6587,0.304309
-47.6642,0.0000,-27.5988,0.304784
-47.8347,0.0000,-27.5287,0.305319
-47.9783,0.0000,-27.4725,0.305727
-48.1357,0.0000,-27.4134,0.306159
-48.2792,0.0000,-27.3601,0.306525
-48.4208,0.0000,-27.3073,0.306917
-48.5601,0.0000,-27.2535,0.307316
-48.6970,0.0000,-27.1973,0.307731
-48.8310,0.0000,-27.1383,0.308161
-48.9638,0.0000,-27.0750,0.308596
-49.0981,0.0000,-27.0065,0.309069
-49.2457,0.0000,-26.9309,0.309625
-49.3792,0.0000,-26.8644,0.310157
-49.5217,0.0000,-26.7934,0.310713
-49.6491,0.0000,-26.7268,0.311094
-49.7861,0.0000,-26.6509,0.311545
-49.9189,0.0000,-26.5721,0.312063
-50.0470,0.0000,-26.4898,0.312675
-50.1696,0.0000,-26.4039,0.313471
-50.2861,0.0000,-26.3146,0.314783
-50.3863,0.0000,-26.2308,0.315447
-50.5019,0.0000,-26.1225,0.316349
-50.6029,0.0000,-26.0153,0.317504
-50.6849,0.0000,-25.9222,0.319709
-50.7689,0.0000,-25.8183,0.321025
-50.8478,0.0000,-25.7085,0.322001
-50.9198,0.0000,-25.5966,0.322875
-50.9792,0.0000,-25.4933,0.323727
-51.0376,0.0000,-25.3783,0.324682
-51.0844,0.0000,-25.2728,0.325577
-51.1288,0.0000,-25.1559,0.326786
-51.1628,0.0000,-25.0490,0.328200
-51.1937,0.0000,-24.9288,0.328950
-51.2191,0.0000,-24.8056,0.329532
-51.2399,0.0000,-24.6933,0.329961
-51.2602,0.0000,-24.5804,0.330356
-51.2826,0.0000,-24.4550,0.330818
-51.3038,0.0000,-24.3396,0.331481
-51.3284,0.0000,-24.2112,0.332057
-51.3525,0.0000,-24.0930,0.332514
-51.3842,0.0000,-23.9496,0.333012
-51.4163,0.0000,-23.8168,0.333402
-51.4517,0.0000,-23.6841,0.333769
-51.4922,0.0000,-23.5416,0.334179
-51.5299,0.0000,-23.4107,0.334495
-51.5712,0.0000,-23.2680,0.334849
-51.6123,0.0000,-23.1254,0.335206
-51.6532,0.0000,-22.9829,0.335598
-51.6907,0.0000,-22.8523,0.335967
-51.7278,0.0000,-22.7229,0.336351
-51.7631,0.0000,-22.5961,0.336759
-51.7978,0.0000,-22.4588,0.337265
-51.8256,0.0000,-22.3337,0.337767
-51.8490,0.0000,-22.2097,0.338335
-51.8675,0.0000,-22.0870,0.338858
-51.8811,0.0000,-21.9659,0.339213
-51.8895,0.0000,-21.8467,0.339620
-51.8928,0.0000,-21.7300,0.340055
-51.8911,0.0000,-21.6261,0.340497
-51.8812,0.0000,-21.5063,0.341047
-51.8643,0.0000,-21.3774,0.341746
-51.8469,0.0000,-21.2608,0.342817
-51.8301,0.0000,-21.1437,0.343443
-51.8134,0.0000,-21.0143,0.344149
-51.8007,0.0000,-20.8998,0.344842
-51.7857,0.0000,-20.7785,0.345705
-51.7672,0.0000,-20.6596,0.346777
-51.7438,0.0000,-20.5442,0.347981
-51.7120,0.0000,-20.4243,0.348820
-51.6785,0.0000,-20.3263,0.349378
-51.6311,0.0000,-20.2176,0.349937
-51.5809,0.0000,-20.1119,0.350414
-51.5315,0.0000,-20.0061,0.350858
-51.4872,0.0000,-19.9073,0.351397
-51.4406,0.0000,-19.7977,0.351960
-51.3959,0.0000,-19.6860,0.352471
-51.3584,0.0000,-19.5857,0.352928
-51.3212,0.0000,-19.4894,0.353368
-51.2811,0.0000,-19.3956,0.353789
-51.2374,0.0000,-19.3046,0.354214
-51.1902,0.0000,-19.2169,0.354631
-51.1353,0.0000,-19.1276,0.355084
-51.0709,0.0000,-19.0295,0.355604
-51.0174,0.0000,-18.9466,0.356009
-50.9594,0.0000,-18.8529,0.356443
-50.9025,0.0000,-18.7569,0.356837
-50.8472,0.0000,-18.6587,0.357211
-50.7936,0.0000,-18.5581,0.357573
-50.7380,0.0000,-18.4475,0.357955
-50.6843,0.0000,-18.3378,0.358314
-50.6306,0.0000,-18.2281,0.358660
-50.5813,0.0000,-18.1277,0.358991
-50.5274,0.0000,-18.0184,0.359386
-50.4732,0.0000,-17.9089,0.359796
-50.4187,0.0000,-17.7992,0.360167
-50.3632,0.0000,-17.6904,0.360542
-50.3096,0.0000,-17.5910,0.360894
-50.2476,0.0000,-17.4832,0.361253
-50.1818,0.0000,-17.3766,0.361628
-50.1119,0.0000,-17.2720,0.361995
-50.0441,0.0000,-17.1785,0.362334
-49.9660,0.0000,-17.0800,0.362705
-49.8908,0.0000,-16.9932,0.363052
-49.8123,0.0000,-16.9101,0.363403
-49.7304,0.0000,-16.8305,0.363773
-49.6410,0.0000,-16.7527,0.364139
-49.5484,0.0000,-16.6795,0.364509
-49.4537,0.0000,-16.6118,0.364879
-49.3573,0.0000,-16.5504,0.365253
-49.2596,0.0000,-16.4962,0.365623
-49.1608,0.0000,-16.4496,0.365977
-49.0600,0.0000,-16.4107,0.366335
-48.9453,0.0000,-16.3751,0.366721
-48.8401,0.0000,-16.3456,0.367071
-48.7348,0.0000,-16.3161,0.367447
-48.6287,0.0000,-16.2855,0.367807
-48.5119,0.0000,-16.2505,0.368195
-48.3941,0.0000,-16.2133,0.368567
-48.2851,0.0000,-16.1769,0.368900
-48.1654,0.0000,-16.1345,0.369261
-48.0452,0.0000,-16.0888,0.369613
-47.9247,0.0000,-16.0394,0.369954
-47.8068,0.0000,-15.9874,0.370299
-47.6900,0.0000,-15.9348,0.370624
-47.5732,0.0000,-15.8822,0.370937
-47.4565,0.0000,-15.8298,0.371266
-47.3489,0.0000,-15.7817,0.371583
-47.2417,0.0000,-15.7340,0.371885
-47.1236,0.0000,-15.6837,0.372253
-47.0233,0.0000,-15.6439,0.372555
-46.9008,0.0000,-15.5988,0.372930
-46.7849,0.0000,-15.5604,0.373291
-46.6612,0.0000,-15.5240,0.373647
-46.5365,0.0000,-15.4877,0.374007
-46.4114,0.0000,-15.4493,0.374383
-46.2973,0.0000,-15.4120,0.374728
-46.1732,0.0000,-15.3682,0.375104
-46.0397,0.0000,-15.3191,0.375455
-45.9172,0.0000,-15.2739,0.375789
-45.7836,0.0000,-15.2247,0.376183
-45.6612,0.0000,-15.1799,0.376549
-45.5279,0.0000,-15.1312,0.376970
-45.4056,0.0000,-15.0868,0.377371
-45.2946,0.0000,-15.0463,0.377769
-45.1615,0.0000,-14.9978,0.378277
-45.0408,0.0000,-14.9540,0.378781
-44.9323,0.0000,-14.9158,0.379261
-44.8127,0.0000,-14.8762,0.379749
-44.6913,0.0000,-14.8395,0.380237
-44.5788,0.0000,-14.8086,0.380658
-44.4465,0.0000,-14.7762,0.381106
-44.3236,0.0000,-14.7466,0.381515
-44.1738,0.0000,-14.7087,0.381984
-44.0477,0.0000,-14.6742,0.382373
-43.9114,0.0000,-14.6342,0.382790
-43.7753,0.0000,-14.5931,0.383218
-43.6391,0.0000,-14.5518,0.383703
-43.5029,0.0000,-14.5106,0.384168
-43.3667,0.0000,-14.4695,0.384610
-43.2181,0.0000,-14.4248,0.385071
-43.0821,0.0000,-14.3838,0.385497
-42.9338,0.0000,-14.3392,0.385935
-42.7981,0.0000,-14.2982,0.386322
-42.6502,0.0000,-14.2536,0.386733
-42.5048,0.0000,-14.2100,0.387140
-42.3733,0.0000,-14.1729,0.387555
-42.2305,0.0000,-14.1369,0.387998
-42.0888,0.0000,-14.1059,0.388436
-41.9539,0.0000,-14.0819,0.388828
-41.8046,0.0000,-14.0571,0.389239
-41.6675,0.0000,-14.0324,0.389614
-41.5172,0.0000,-14.0022,0.390013
-41.3815,0.0000,-13.9717,0.390381
-41.2464,0.0000,-13.9401,0.390741
-41.0990,0.0000,-13.9053,0.391132
-40.9762,0.0000,-13.8764,0.391470
-40.8289,0.0000,-13.8420,0.391871
-40.6939,0.0000,-13.8106,0.392233
-40.5467,0.0000,-13.7763,0.392642
-40.4115,0.0000,-13.7446,0.393011
-40.2623,0.0000,-13.7096,0.393420
-40.1232,0.0000,-13.6771,0.393797
-39.9688,0.0000,-13.6409,0.394222
-39.8115,0.0000,-13.6042,0.394655
-39.6515,0.0000,-13.5668,0.395087
-39.5023,0.0000,-13.5320,0.395490
-39.3368,0.0000,-13.4933,0.395950
-39.1687,0.0000,-13.4540,0.396415
-39.0129,0.0000,-13.4177,0.396829
-38.8564,0.0000,-13.3814,0.397262
-38.6996,0.0000,-13.3455,0.397691
-38.5280,0.0000,-13.3069,0.398164
-38.3708,0.0000,-13.2717,0.398593
-38.2130,0.0000,-13.2365,0.399023
-38.0414,0.0000,-13.1980,0.399488
-37.8842,0.0000,-13.1626,0.399918
-37.7128,0.0000,-13.1239,0.400386
-37.5558,0.0000,-13.0886,0.400816
-37.3846,0.0000,-13.0501,0.401281
-37.2278,0.0000,-13.0148,0.401711
-37.0568,0.0000,-12.9765,0.402180
-36.8860,0.0000,-12.9382,0.402645
-36.7306,0.0000,-12.9035,0.403071
-36.5779,0.0000,-12.8707,0.403493
-36.4114,0.0000,-12.8386,0.403956
-36.2426,0.0000,-12.8104,0.404418
-36.0868,0.0000,-12.7866,0.404841
-35.9141,0.0000,-12.7603,0.405300
-35.7424,0.0000,-12.7309,0.405759
-35.5866,0.0000,-12.7023,0.406174
-35.4307,0.0000,-12.6731,0.406597
-35.2748,0.0000,-12.6437,0.407020
-35.1189,0.0000,-12.6143,0.407438
-34.9630,0.0000,-12.5852,0.407855
-34.8073,0.0000,-12.5561,0.408276
-34.6516,0.0000,-12.5271,0.408697
-34.4961,0.0000,-12.4980,0.409119
-34.3266,0.0000,-12.4663,0.409571
-34.1713,0.0000,-12.4371,0.409992
-34.0161,0.0000,-12.4081,0.410413
-33.8610,0.0000,-12.3791,0.410834
-33.6912,0.0000,-12.3474,0.411283
-33.5340,0.0000,-12.3180,0.411714
-33.3745,0.0000,-12.2882,0.412141
-33.1977,0.0000,-12.2551,0.412615
-33.0182,0.0000,-12.2215,0.413097
-32.8511,0.0000,-12.1903,0.413544
-32.6666,0.0000,-12.1558,0.414050
-32.4967,0.0000,-12.1240,0.414504
-32.3110,0.0000,-12.0893,0.415010
-32.1407,0.0000,-12.0574,0.415475
-31.9705,0.0000,-12.0255,0.415924
-31.7840,0.0000,-11.9906,0.416427
-31.6146,0.0000,-11.9584,0.416887
-31.4291,0.0000,-11.9233,0.417387
-31.2592,0.0000,-11.8911,0.417847
-31.0739,0.0000,-11.8558,0.418343
-30.9030,0.0000,-11.8229,0.418803
-30.7171,0.0000,-11.7856,0.419299
-30.5467,0.0000,-11.7499,0.419753
-30.3772,0.0000,-11.7130,0.420219
-30.2079,0.0000,-11.6752,0.420668
-30.0240,0.0000,-11.6334,0.421170
-29.8419,0.0000,-11.5923,0.421667
-29.6740,0.0000,-11.5557,0.422117
-29.4909,0.0000,-11.5164,0.422614
-29.3233,0.0000,-11.4805,0.423068
-29.1407,0.0000,-11.4415,0.423587
-28.9582,0.0000,-11.4024,0.424125
-28.7759,0.0000,-11.3632,0.424624
-28.5938,0.0000,-11.3240,0.425115
-28.4117,0.0000,-11.2848,0.425567
-28.2450,0.0000,-11.2489,0.425980
-28.0781,0.0000,-11.2129,0.426373
-27.8934,0.0000,-11.1723,0.426793
-27.7232,0.0000,-11.1318,0.427162
-27.5376,0.0000,-11.0826,0.427592
-27.3530,0.0000,-11.0275,0.428041
-27.1876,0.0000,-10.9726,0.428438
-27.0089,0.0000,-10.9079,0.428871
-26.8341,0.0000,-10.8407,0.429292
-26.6758,0.0000,-10.7794,0.429670
-26.5185,0.0000,-10.7201,0.430052
-26.3621,0.0000,-10.6636,0.430419
-26.1892,0.0000,-10.6045,0.430820
-26.0454,0.0000,-10.5561,0.431148
-25.8877,0.0000,-10.5033,0.431542
-25.7303,0.0000,-10.4505,0.431944
-25.5730,0.0000,-10.3976,0.432335
-25.4160,0.0000,-10.3448,0.432710
-25.2590,0.0000,-10.2920,0.433069
-25.1021,0.0000,-10.2393,0.433425
-24.9311,0.0000,-10.1819,0.433788
-24.7744,0.0000,-10.1293,0.434120
-24.6036,0.0000,-10.0719,0.434460
-24.4472,0.0000,-10.0192,0.434776
-24.2903,0.0000,-9.9663,0.435077
-24.1020,0.0000,-9.9011,0.435421
-23.9427,0.0000,-9.8420,0.435714
-23.7842,0.0000,-9.7784,0.436011
-23.6126,0.0000,-9.7033,0.436339
-23.4596,0.0000,-9.6302,0.436659
-23.3106,0.0000,-9.5540,0.436983
-23.1513,0.0000,-9.4696,0.437351
-23.0062,0.0000,-9.3934,0.437706
-22.8619,0.0000,-9.3196,0.438073
-22.7178,0.0000,-9.2488,0.438460
-22.5715,0.0000,-9.1798,0.438866
-22.4122,0.0000,-9.1055,0.439335
-22.2666,0.0000,-9.0377,0.439679
-22.1345,0.0000,-8.9759,0.439998
-21.9893,0.0000,-8.9080,0.440357
-21.8442,0.0000,-8.8400,0.440724
-21.6861,0.0000,-8.7658,0.441127
-21.5413,0.0000,-8.6980,0.441518
-21.3833,0.0000,-8.6239,0.441956
-21.2374,0.0000,-8.5553,0.442358
-21.0766,0.0000,-8.4774,0.442820
-20.9433,0.0000,-8.4091,0.443218
-20.7847,0.0000,-8.3224,0.443679
-20.6282,0.0000,-8.2299,0.444126
-20.4873,0.0000,-8.1397,0.444523
-20.3372,0.0000,-8.0350,0.444959
-20.1930,0.0000,-7.9252,0.445384
-20.0577,0.0000,-7.8132,0.445800
-19.9371,0.0000,-7.7076,0.446177
-19.8075,0.0000,-7.5922,0.446586
-19.6899,0.0000,-7.4881,0.446955
-19.5734,0.0000,-7.3864,0.447316
-19.4573,0.0000,-7.2879,0.447769
-19.3412,0.0000,-7.1926,0.448203
-19.2224,0.0000,-7.0986,0.448597
-19.1020,0.0000,-7.0040,0.448971
-18.9814,0.0000,-6.9066,0.449314
-18.8733,0.0000,-6.8151,0.449617
-18.7568,0.0000,-6.7109,0.449928
-18.6460,0.0000,-6.6062,0.450232
-18.5378,0.0000,-6.5021,0.450515
-18.4289,0.0000,-6.3995,0.450791
-18.3162,0.0000,-6.2950,0.451059
-18.2042,0.0000,-6.1878,0.451319
-18.0945,0.0000,-6.0776,0.451643
-17.9782,0.0000,-5.9532,0.452015
-17.8757,0.0000,-5.8349,0.452336
-17.7784,0.0000,-5.7131,0.452636
-17.6811,0.0000,-5.5810,0.452949
-17.5951,0.0000,-5.4586,0.453222
-17.5099,0.0000,-5.3372,0.453483
-17.4249,0.0000,-5.2179,0.453740
-17.3398,0.0000,-5.1016,0.453993
-17.2541,0.0000,-4.9884,0.454239
-17.1653,0.0000,-4.8757,0.454472
-17.0746,0.0000,-4.7604,0.454713
-16.9942,0.0000,-4.6533,0.454915
-16.9086,0.0000,-4.5325,0.455141
-16.8267,0.0000,-4.4083,0.455362
-16.7489,0.0000,-4.2804,0.455607
-16.6760,0.0000,-4.1492,0.455862
-16.6152,0.0000,-4.0296,0.456094
-16.5542,0.0000,-3.8999,0.456338
-16.4901,0.0000,-3.7585,0.456602
-16.4317,0.0000,-3.6306,0.456834
-16.3711,0.0000,-3.4993,0.457066
-16.3133,0.0000,-3.3662,0.457295
-16.2596,0.0000,-3.2317,0.457519
-16.2108,0.0000,-3.0955,0.457727
-16.1684,0.0000,-2.9594,0.457940
-16.1331,0.0000,-2.8263,0.458141
-16.1014,0.0000,-2.6930,0.458341
-16.0674,0.0000,-2.5490,0.458550
-16.0357,0.0000,-2.4193,0.458751
-16.0031,0.0000,-2.2923,0.458939
-15.9690,0.0000,-2.1682,0.459140
-15.9333,0.0000,-2.0467,0.459333
-15.8950,0.0000,-1.9261,0.459533
-15.8513,0.0000,-1.7941,0.459769
-15.8113,0.0000,-1.6734,0.459984
-15.7711,0.0000,-1.5527,0.460208
-15.7310,0.0000,-1.4318,0.460427
-15.6867,0.0000,-1.2980,0.460662
-15.6453,0.0000,-1.1730,0.460886
-15.6031,0.0000,-1.0456,0.461117
-15.5596,0.0000,-0.9137,0.461352
-15.5126,0.0000,-0.7644,0.461599
-15.4681,0.0000,-0.6101,0.461858
-15.4308,0.0000,-0.4648,0.462105
-15.3951,0.0000,-0.3029,0.462356
-15.3683,0.0000,-0.1522,0.462591
-15.3465,0.0000,0.0127,0.462838
-15.3323,0.0000,0.1729,0.463089
-15.3217,0.0000,0.3193,0.463305
-15.3109,0.0000,0.4642,0.463524
-15.2989,-0.0000,0.6069,0.463715
-15.2838,-0.0000,0.7597,0.463934
-15.2677,-0.0000,0.8972,0.464145
-15.2506,-0.0000,1.0220,0.464348
-15.2284,-0.0000,1.1722,0.464594
-15.2097,0.0000,1.2970,0.464804
-15.1874,-0.0000,1.4466,0.465070
-15.1689,-0.0000,1.5713,0.465300
-15.1467,-0.0000,1.7207,0.465585
-15.1263,-0.0000,1.8576,0.465854
-15.1079,-0.0000,1.9820,0.466124
-15.0856,-0.0000,2.1338,0.466452
-15.0671,-0.0000,2.2761,0.466779
-15.0505,-0.0000,2.4352,0.467166
-15.0383,-0.0000,2.5988,0.467557
-15.0314,-0.0000,2.7524,0.467801
-15.0286,-0.0000,2.9170,0.468097
-15.0287,-0.0000,3.0828,0.468408
-15.0286,-0.0000,3.2356,0.468716
-15.0265,-0.0000,3.4012,0.469083
-15.0214,-0.0000,3.5654,0.469504
-15.0140,-0.0000,3.7173,0.469875
-15.0060,-0.0000,3.8687,0.470324
-14.9972,-0.0000,4.0335,0.470908
-14.9892,-0.0000,4.1845,0.471582
-14.9808,-0.0000,4.3490,0.472125
-14.9730,-0.0000,4.4997,0.472605
-14.9646,-0.0000,4.6640,0.473100
-14.9568,-0.0000,4.8144,0.473549
-14.9482,-0.0000,4.9782,0.474013
-14.9404,-0.0000,5.1288,0.474446
-14.9324,-0.0000,5.2811,0.474855
-14.9243,-0.0000,5.4357,0.475252
-14.9162,-0.0000,5.5928,0.475711
-14.9071,-0.0000,5.7669,0.476289
-14.8986,-0.0000,5.9290,0.476765
-14.8892,-0.0000,6.1087,0.477261
-14.8805,-0.0000,6.2758,0.477679
-14.8701,-0.0000,6.4755,0.478151
-14.8613,-0.0000,6.6452,0.478534
-14.8509,-0.0000,6.8460,0.478963
-14.8421,-0.0000,7.0159,0.479306
-14.8332,-0.0000,7.1858,0.479651
-14.8245,-0.0000,7.3556,0.480010
-14.8157,-0.0000,7.5254,0.480389
-14.8078,-0.0000,7.6795,0.480732
-14.7991,-0.0000,7.8490,0.481126
-14.7905,-0.0000,8.0184,0.481525
-14.7818,-0.0000,8.1878,0.481943
-14.7735,-0.0000,8.3596,0.482376
-14.7677,-0.0000,8.5333,0.482822
-14.7661,-0.0000,8.7082,0.483284
-14.7686,-0.0000,8.8781,0.483748
-14.7721,-0.0000,9.0462,0.484166
-14.7737,-0.0000,9.2133,0.484593
-14.7726,-0.0000,9.3974,0.485062
-14.7705,-0.0000,9.5657,0.485492
-14.7678,-0.0000,9.7487,0.485969
-14.7650,-0.0000,9.9315,0.486450
-14.7624,-0.0000,10.1141,0.486947
-14.7600,-0.0000,10.2966,0.487444
-14.7577,-0.0000,10.4789,0.487930
-14.7552,-0.0000,10.6611,0.488416
-14.7527,-0.0000,10.8431,0.488901
-14.7500,-0.0000,11.0402,0.489419
-14.7475,-0.0000,11.2220,0.489901
-14.7451,-0.0000,11.4036,0.490379
-14.7430,-0.0000,11.5700,0.490814
-14.7406,-0.0000,11.7513,0.491288
-14.7385,-0.0000,11.9175,0.491739
-14.7362,-0.0000,12.0987,0.492234
-14.7343,-0.0000,12.2667,0.492681
-14.7348,-0.0000,12.4525,0.493164
-14.7395,-0.0000,12.6237,0.493588
-14.7497,-0.0000,12.8093,0.494035
-14.7624,-0.0000,12.9744,0.494436
-14.7750,-0.0000,13.1388,0.494824
-14.7854,-0.0000,13.3018,0.495209
-14.7937,-0.0000,13.4813,0.495621
-14.8010,-0.0000,13.6628,0.496036
-14.8094,-0.0000,13.8282,0.496422
-14.8193,-0.0000,14.0043,0.496849
-14.8269,-0.0000,14.1678,0.497255
-14.8351,-0.0000,14.3457,0.497701
-14.8422,-0.0000,14.5082,0.498120
-14.8497,-0.0000,14.6999,0.498629
-14.8555,-0.0000,14.8622,0.499063
-14.8615,-0.0000,15.0394,0.499552
-14.8677,-0.0000,15.2166,0.500013
-14.8737,-0.0000,15.3787,0.500441
-14.8795,-0.0000,15.5407,0.500866
-14.8857,-0.0000,15.7158,0.501326
-14.8899,-0.0000,15.8875,0.501798
-14.8899,-0.0000,16.0451,0.502222
-14.8866,-0.0000,16.2047,0.502655
-14.8822,-0.0000,16.3815,0.503119
-14.8806,-0.0000,16.5579,0.503594
-14.8811,-0.0000,16.7183,0.504019
-14.8822,-0.0000,16.8788,0.504449
-14.8837,-0.0000,17.0541,0.504905
-14.8853,-0.0000,17.2292,0.505378
-14.8865,-0.0000,17.3896,0.505811
-14.8877,-0.0000,17.5646,0.506272
-14.8889,-0.0000,17.7393,0.506736
-14.8901,-0.0000,17.9140,0.507205
-14.8914,-0.0000,18.0885,0.507673
-14.8927,-0.0000,18.2629,0.508137
-14.8938,-0.0000,18.4372,0.508597
-14.8949,-0.0000,18.6102,0.509064
-14.8945,-0.0000,18.7796,0.509528
-14.8903,-0.0000,18.9471,0.509983
-14.8809,-0.0000,19.1178,0.510443
-14.8706,-0.0000,19.2766,0.510867
-14.8619,-0.0000,19.4506,0.511323
-14.8562,-0.0000,19.6224,0.511786
-14.8516,-0.0000,19.7945,0.512238
-14.8477,-0.0000,19.9524,0.512663
-14.8435,-0.0000,20.1245,0.513127
-14.8392,-0.0000,20.2966,0.513579
-14.8350,-0.0000,20.4542,0.513996
-14.8305,-0.0000,20.6260,0.514452
-14.8260,-0.0000,20.7977,0.514912
-14.8220,-0.0000,20.9549,0.515329
-14.8177,-0.0000,21.1264,0.515790
-14.8133,-0.0000,21.2977,0.516244
-14.8092,-0.0000,21.4546,0.516666
-14.8047,-0.0000,21.6257,0.517116
-14.8003,-0.0000,21.7967,0.517574
-14.7962,-0.0000,21.9543,0.517984
-14.7916,-0.0000,22.1286,0.518446
-14.7871,-0.0000,22.3059,0.518911
-14.7828,-0.0000,22.4709,0.519357
-14.7780,-0.0000,22.6537,0.519843
-14.7736,-0.0000,22.8237,0.520294
-14.7687,-0.0000,23.0110,0.520793
-14.7641,-0.0000,23.1835,0.521249
-14.7592,-0.0000,23.3718,0.521752
-14.7547,-0.0000,23.5445,0.522211
-14.7501,-0.0000,23.7171,0.522667
-14.7456,-0.0000,23.8897,0.523131
-14.7406,-0.0000,24.0778,0.523638
-14.7361,-0.0000,24.2501,0.524084
-14.7315,-0.0000,24.4223,0.524546
-14.7273,-0.0000,24.5788,0.524953
-14.7228,-0.0000,24.7507,0.525414
-14.7182,-0.0000,24.9225,0.525868
-14.7136,-0.0000,25.0942,0.526322
-14.7086,-0.0000,25.2814,0.526827
-14.7040,-0.0000,25.4528,0.527281
-14.6990,-0.0000,25.6398,0.527782
-14.6940,-0.0000,25.8266,0.528288
-14.6894,-0.0000,25.9977,0.528752
-14.6844,-0.0000,26.1842,0.529254
-14.6794,-0.0000,26.3706,0.529753
-14.6748,-0.0000,26.5413,0.530189
-14.6697,-0.0000,26.7274,0.530660
-14.6651,-0.0000,26.8979,0.531089
-14.6605,-0.0000,27.0683,0.531514
-14.6559,-0.0000,27.2386,0.531963
-14.6513,-0.0000,27.4087,0.532483
-14.6464,-0.0000,27.5963,0.532978
-14.6437,-0.0000,27.7659,0.533407
-14.6404,-0.0000,27.9515,0.533852
-14.6376,-0.0000,28.1232,0.534233
-14.6363,-0.0000,28.3095,0.534615
-14.6359,-0.0000,28.4801,0.534961
-14.6362,-0.0000,28.6651,0.535315
-14.6358,-0.0000,28.8492,0.535662
-14.6343,-0.0000,29.0340,0.536028
-14.6327,-0.0000,29.2183,0.536416
-14.6311,-0.0000,29.3871,0.536775
-14.6293,-0.0000,29.5712,0.537159
-14.6276,-0.0000,29.7550,0.537542
-14.6261,-0.0000,29.9235,0.537878
-14.6244,-0.0000,30.1070,0.538238
-14.6230,-0.0000,30.2752,0.538562
-14.6214,-0.0000,30.4586,0.538902
-14.6199,-0.0000,30.6266,0.539226
-14.6186,-0.0000,30.7945,0.539534
-14.6172,-0.0000,30.9791,0.539862
-14.6181,-0.0000,31.1667,0.540152
-14.6230,-0.0000,31.3395,0.540433
-14.6335,-0.0000,31.5290,0.540742
-14.6505,-0.0000,31.7189,0.541067
-14.6722,-0.0000,31.8930,0.541364
-14.6996,-0.0000,32.0634,0.541681
-14.7347,-0.0000,32.2442,0.542041
-14.7724,-0.0000,32.4237,0.542413
-14.8035,-0.0000,32.5720,0.542749
-14.8390,-0.0000,32.7482,0.543171
-14.8715,-0.0000,32.9222,0.543629
-14.8984,-0.0000,33.0820,0.544020
-14.9259,-0.0000,33.2568,0.544370
-14.9485,-0.0000,33.4019,0.544674
-14.9756,-0.0000,33.5757,0.545053
-15.0005,-0.0000,33.7353,0.545407
-15.0291,-0.0000,33.9121,0.545809
-15.0587,-0.0000,34.0750,0.546187
-15.0943,-0.0000,34.2484,0.546624
-15.1272,-0.0000,34.4042,0.547045
-15.1582,-0.0000,34.5603,0.547473
-15.1901,-0.0000,34.7324,0.547989
-15.2187,-0.0000,34.8898,0.548422
-15.2444,-0.0000,35.0328,0.548804
-15.2753,-0.0000,35.2042,0.549246
-15.3044,-0.0000,35.3636,0.549647
-15.3365,-0.0000,35.5243,0.550037
-15.3727,-0.0000,35.6851,0.550396
-15.4132,-0.0000,35.8443,0.550758
-15.4597,-0.0000,36.0117,0.551132
-15.5019,-0.0000,36.1643,0.551475
-15.5452,-0.0000,36.3298,0.551829
-15.5860,-0.0000,36.4985,0.552322
-15.6279,-0.0000,36.6700,0.552794
-15.6697,-0.0000,36.8272,0.553169
-15.7158,-0.0000,36.9840,0.553520
-15.7669,-0.0000,37.1400,0.553828
-15.8290,-0.0000,37.3088,0.554152
-15.8921,-0.0000,37.4617,0.554429
-15.9601,-0.0000,37.6101,0.554683
-16.0312,-0.0000,37.7519,0.554933
-16.1051,-0.0000,37.8917,0.555175
-16.1789,-0.0000,38.0301,0.555389
-16.2513,-0.0000,38.1673,0.555616
-16.3252,-0.0000,38.3084,0.555807
-16.4021,-0.0000,38.4481,0.556078
-16.4752,-0.0000,38.5730,0.556351
-16.5678,-0.0000,38.7198,0.556664
-16.6582,-0.0000,38.8508,0.556925
-16.7456,-0.0000,38.9661,0.557162
-16.8569,-0.0000,39.0992,0.557419
-16.9522,-0.0000,39.2027,0.557629
-17.0598,-0.0000,39.3093,0.557846
-17.1708,-0.0000,39.4116,0.558060
-17.2826,-0.0000,39.5110,0.558265
-17.3937,-0.0000,39.6083,0.558467
-17.4930,-0.0000,39.6953,0.558641
-17.5997,-0.0000,39.7897,0.558827
-17.7035,-0.0000,39.8832,0.559013
-17.8043,-0.0000,39.9766,0.559195
-17.9019,-0.0000,40.0702,0.559377
-17.9978,-0.0000,40.1660,0.559558
-18.0931,-0.0000,40.2632,0.559725
-18.1966,-0.0000,40.3691,0.559906
-18.2827,-0.0000,40.4573,0.560071
-18.3860,-0.0000,40.5630,0.560267
-18.4807,-0.0000,40.6597,0.560463
-18.5753,-0.0000,40.7564,0.560643
-18.6699,-0.0000,40.8529,0.560835
-18.7643,-0.0000,40.9495,0.561027
-18.8586,-0.0000,41.0459,0.561215
-18.9444,-0.0000,41.1335,0.561392
-19.0386,-0.0000,41.2299,0.561588
-19.1328,-0.0000,41.3261,0.561787
-19.2185,-0.0000,41.4135,0.561956
-19.3126,-0.0000,41.5096,0.562148
-19.3980,-0.0000,41.5969,0.562328
-19.4920,-0.0000,41.6929,0.562520
-19.5860,-0.0000,41.7888,0.562720
-19.6716,-0.0000,41.8761,0.562896
-19.7666,-0.0000,41.9722,0.563096
-19.8531,-0.0000,42.0587,0.563268
-19.9570,-0.0000,42.1621,0.563480
-20.0437,-0.0000,42.2480,0.563660
-20.1391,-0.0000,42.3424,0.563848
-20.2346,-0.0000,42.4365,0.564024
-20.3303,-0.0000,42.5307,0.564169
-20.4189,-0.0000,42.6172,0.564302
-20.5286,-0.0000,42.7207,0.564474
-20.6229,-0.0000,42.8049,0.564615
-20.7397,-0.0000,42.9031,0.564783
-20.8505,-0.0000,42.9896,0.564940
-20.9543,-0.0000,43.0649,0.565112
-21.0696,-0.0000,43.1422,0.565284
-21.1836,-0.0000,43.2133,0.565468
-21.2974,-0.0000,43.2829,0.565652
-21.4094,-0.0000,43.3525,0.565867
-21.5191,-0.0000,43.4225,0.566086
-21.6317,-0.0000,43.4959,0.566294
-21.7463,-0.0000,43.5674,0.566544
-21.8633,-0.0000,43.6358,0.566834
-21.9724,-0.0000,43.6950,0.567127
-22.1062,-0.0000,43.7609,0.567546
-22.2270,-0.0000,43.8144,0.568000
-22.3488,-0.0000,43.8655,0.568254
-22.4590,-0.0000,43.9119,0.568493
-22.5890,-0.0000,43.9683,0.568779
-22.7054,-0.0000,44.0208,0.569041
-22.8291,-0.0000,44.0796,0.569323
-22.9404,-0.0000,44.1355,0.569609
-23.0530,-0.0000,44.1944,0.569891
-23.1791,-0.0000,44.2588,0.570209
-23.2971,-0.0000,44.3153,0.570514
-23.4289,-0.0000,44.3734,0.570851
-23.5530,-0.0000,44.4231,0.571192
-23.6807,-0.0000,44.4692,0.571513
-23.8069,-0.0000,44.5106,0.571862
-23.9219,-0.0000,44.5465,0.572232
-24.0489,-0.0000,44.5866,0.572630
-24.1640,-0.0000,44.6244,0.572981
-24.2891,-0.0000,44.6676,0.573313
-24.4122,-0.0000,44.7129,0.573636
-24.5249,-0.0000,44.7567,0.573900
-24.6373,-0.0000,44.8010,0.574157
-24.7607,-0.0000,44.8497,0.574429
-24.8841,-0.0000,44.8983,0.574685
-25.0081,-0.0000,44.9470,0.574918
-25.1353,-0.0000,44.9959,0.575155
-25.2645,-0.0000,45.0423,0.575376
-25.3958,-0.0000,45.0855,0.575601
-25.5289,-0.0000,45.1251,0.575810
-25.6638,-0.0000,45.1604,0.576015
-25.8004,-0.0000,45.1906,0.576202
-25.9389,-0.0000,45.2153,0.576413
-26.0788,-0.0000,45.2339,0.576624
-26.2034,-0.0000,45.2457,0.576819
-26.3419,-0.0000,45.2552,0.577022
-26.4815,-0.0000,45.2636,0.577260
-26.6212,-0.0000,45.2724,0.577506
-26.7600,-0.0000,45.2822,0.577771
-26.8971,-0.0000,45.2935,0.578052
-27.0200,-0.0000,45.3056,0.578321
-27.1532,-0.0000,45.3210,0.578638
-27.2878,-0.0000,45.3392,0.578969
-27.4099,-0.0000,45.3564,0.579285
-27.5440,-0.0000,45.3754,0.579695
-27.6779,-0.0000,45.3944,0.580105
-27.8001,-0.0000,45.4117,0.580407
-27.9375,-0.0000,45.4302,0.580748
-28.0764,-0.0000,45.4462,0.581089
-28.2166,-0.0000,45.4587,0.581423
-28.3581,-0.0000,45.4672,0.581725
-28.5021,-0.0000,45.4709,0.582050
-28.6472,-0.0000,45.4696,0.582364
-28.7901,-0.0000,45.4641,0.582685
-28.9348,-0.0000,45.4572,0.582995
-29.0940,-0.0000,45.4506,0.583344
-29.2540,-0.0000,45.4460,0.583705
-29.4009,-0.0000,45.4443,0.584018
-29.5633,-0.0000,45.4456,0.584551
-29.7125,-0.0000,45.4480,0.584962
-29.8749,-0.0000,45.4509,0.585366
-30.0237,-0.0000,45.4535,0.585691
-30.1725,-0.0000,45.4560,0.585985
-30.3347,-0.0000,45.4587,0.586290
-30.4833,-0.0000,45.4612,0.586561
-30.6318,-0.0000,45.4636,0.586815
-30.7937,-0.0000,45.4663,0.587066
-30.9419,-0.0000,45.4688,0.587297
-31.0766,-0.0000,45.4710,0.587501
-31.2267,-0.0000,45.4732,0.587701
-31.3790,-0.0000,45.4733,0.587916
-31.5462,-0.0000,45.4690,0.588140
-31.7004,-0.0000,45.4602,0.588369
-31.8550,-0.0000,45.4465,0.588597
-32.0237,-0.0000,45.4253,0.588842
-32.1741,-0.0000,45.4009,0.589071
-32.3204,-0.0000,45.3730,0.589323
-32.4655,-0.0000,45.3440,0.589567
-32.6223,-0.0000,45.3137,0.589843
-32.7643,-0.0000,45.2880,0.590100
-32.9174,-0.0000,45.2630,0.590407
-33.0710,-0.0000,45.2414,0.590723
-33.2123,-0.0000,45.2230,0.591026
-33.3661,-0.0000,45.2031,0.591361
-33.5069,-0.0000,45.1850,0.591700
-33.6604,-0.0000,45.1650,0.592079
-33.8137,-0.0000,45.1451,0.592358
-33.9669,-0.0000,45.1252,0.592656
-34.1200,-0.0000,45.1054,0.592942
-34.2603,-0.0000,45.0872,0.593225
-34.4131,-0.0000,45.0673,0.593543
-34.5531,-0.0000,45.0491,0.593865
-34.7057,-0.0000,45.0292,0.594198
-34.8582,-0.0000,45.0093,0.594587
-35.0106,-0.0000,44.9895,0.594979
-35.1501,-0.0000,44.9712,0.595368
-35.3023,-0.0000,44.9514,0.595839
-35.4543,-0.0000,44.9315,0.596275
-35.5936,-0.0000,44.9132,0.596644
-35.7453,-0.0000,44.8933,0.597034
-35.8970,-0.0000,44.8734,0.597407
-36.0359,-0.0000,44.8551,0.597784
-36.1874,-0.0000,44.8352,0.598177
-36.3261,-0.0000,44.8169,0.598539
-36.4773,-0.0000,44.7970,0.598956
-36.6283,-0.0000,44.7770,0.599349
-36.7667,-0.0000,44.7588,0.599726
-36.9053,-0.0000,44.7404,0.600111
-37.0464,-0.0000,44.7212,0.600485
-37.2017,-0.0000,44.6969,0.600897
-37.3442,-0.0000,44.6706,0.601259
-37.4868,-0.0000,44.6398,0.601608
-37.6387,-0.0000,44.6016,0.602017
-37.7733,-0.0000,44.5644,0.602363
-37.9191,-0.0000,44.5247,0.602764
-38.0517,-0.0000,44.4908,0.603133
-38.1954,-0.0000,44.4571,0.603510
-38.3414,-0.0000,44.4261,0.603903
-38.4870,-0.0000,44.3957,0.604284
-38.6324,-0.0000,44.3654,0.604682
-38.7655,-0.0000,44.3376,0.605045
-38.9106,-0.0000,44.3070,0.605431
-39.0676,-0.0000,44.2740,0.605856
-39.2005,-0.0000,44.2462,0.606218
-39.3573,-0.0000,44.2134,0.606624
-39.4899,-0.0000,44.1856,0.606967
-39.6345,-0.0000,44.1553,0.607353
-39.7674,-0.0000,44.1274,0.607700
-39.9116,-0.0000,44.0962,0.608090
-40.0418,-0.0000,44.0684,0.608435
-40.1815,-0.0000,44.0407,0.608808
-40.3200,-0.0000,44.0171,0.609184
-40.4458,-0.0000,43.9995,0.609549
-40.5868,-0.0000,43.9853,0.609926
-40.7309,-0.0000,43.9730,0.610310
-40.8755,-0.0000,43.9583,0.610687
-41.0210,-0.0000,43.9402,0.611068
-41.1639,-0.0000,43.9192,0.611448
-41.2948,-0.0000,43.8990,0.611813
-41.4376,-0.0000,43.8769,0.612201
-41.5803,-0.0000,43.8550,0.612580
-41.7111,-0.0000,43.8351,0.612928
-41.8536,-0.0000,43.8134,0.613307
-41.9842,-0.0000,43.7935,0.613654
-42.1265,-0.0000,43.7717,0.614041
-42.2568,-0.0000,43.7517,0.614385
-42.3870,-0.0000,43.7318,0.614744
-42.5172,-0.0000,43.7119,0.615084
-42.6591,-0.0000,43.6903,0.615467
-42.7890,-0.0000,43.6705,0.615822
-42.9307,-0.0000,43.6489,0.616189
-43.0604,-0.0000,43.6291,0.616548
-43.2018,-0.0000,43.6075,0.616911
-43.3314,-0.0000,43.5878,0.617254
-43.4726,-0.0000,43.5663,0.617636
-43.6020,-0.0000,43.5466,0.617987
-43.7547,-0.0000,43.5234,0.618413
-43.8839,-0.0000,43.5037,0.618764
-44.0247,-0.0000,43.4823,0.619134
-44.1653,-0.0000,43.4609,0.619533
-44.3059,-0.0000,43.4396,0.619931
-44.4463,-0.0000,43.4183,0.620305
-44.5750,-0.0000,43.3988,0.620599
-44.7144,-0.0000,43.3776,0.620945
-44.8395,-0.0000,43.3595,0.621282
-44.9742,-0.0000,43.3429,0.621655
-45.0964,-0.0000,43.3314,0.622012
-45.2280,-0.0000,43.3234,0.622432
-45.3575,-0.0000,43.3205,0.622887
-45.4779,-0.0000,43.3235,0.623335
-45.6013,-0.0000,43.3307,0.623814
-45.7472,-0.0000,43.3387,0.624441
-45.8716,-0.0000,43.3433,0.624923
-46.0088,-0.0000,43.3454,0.625401
-46.1472,-0.0000,43.3439,0.625867
-46.2834,-0.0000,43.3396,0.626305
-46.4309,-0.0000,43.3344,0.626740
-46.5558,-0.0000,43.3301,0.627104
-46.7032,-0.0000,43.3250,0.627512
-46.8278,-0.0000,43.3208,0.627844
-46.9636,-0.0000,43.3162,0.628197
-47.0994,-0.0000,43.3115,0.628589
-47.2350,-0.0000,43.3068,0.629000
-47.3705,-0.0000,43.3022,0.629384
-47.5025,-0.0000,43.2980,0.629768
-47.6216,-0.0000,43.2967,0.630121
-47.7391,-0.0000,43.2985,0.630473
-47.8651,-0.0000,43.3047,0.630853
-47.9885,-0.0000,43.3155,0.631214
-48.1088,-0.0000,43.3314,0.631594
-48.2159,-0.0000,43.3504,0.631919
-48.3288,-0.0000,43.3760,0.632248
-48.4282,-0.0000,43.4038,0.632536
-48.5318,-0.0000,43.4388,0.632811
-48.6257,-0.0000,43.4778,0.633087
-48.7157,-0.0000,43.5220,0.633366
-48.8038,-0.0000,43.5725,0.633658
-48.8975,-0.0000,43.6307,0.633961
-48.9831,-0.0000,43.6838,0.634299
-49.0621,-0.0000,43.7314,0.634583
-49.1507,-0.0000,43.7829,0.634949
-49.2411,-0.0000,43.8332,0.635351
-49.3419,-0.0000,43.8866,0.635882
-49.4300,-0.0000,43.9311,0.636398
-49.5151,-0.0000,43.9766,0.636678
-49.6039,-0.0000,44.0288,0.637004
-49.6876,-0.0000,44.0841,0.637363
-49.7692,-0.0000,44.1463,0.637768
-49.8441,-0.0000,44.2083,0.638170
-49.9268,-0.0000,44.2749,0.638752
-50.0118,-0.0000,44.3400,0.639843
-50.0992,-0.0000,44.4035,0.641247
-50.1894,-0.0000,44.4652,0.642136
-50.2803,-0.0000,44.5238,0.642922
-50.3663,-0.0000,44.5790,0.643716
-50.4443,-0.0000,44.6333,0.645310
-50.5251,-0.0000,44.6911,0.646071
-50.6155,-0.0000,44.7526,0.646564
-50.6999,-0.0000,44.8067,0.646906
-50.7913,-0.0000,44.8629,0.647245
-50.8750,-0.0000,44.9143,0.647505
-50.9660,-0.0000,44.9703,0.647777
-51.0492,-0.0000,45.0217,0.647998
-51.1313,-0.0000,45.0725,0.648203
-51.2100,-0.0000,45.1227,0.648420
-51.2862,-0.0000,45.1743,0.648728
-51.3660,-0.0000,45.2323,0.649032
-51.4297,-0.0000,45.2820,0.649321
-51.5024,-0.0000,45.3433,0.649629
-51.5651,-0.0000,45.4009,0.649929
-51.6238,-0.0000,45.4598,0.650221
-51.6828,-0.0000,45.5252,0.650537
-51.7319,-0.0000,45.5858,0.650822
-51.7811,-0.0000,45.6563,0.651126
-51.8239,-0.0000,45.7280,0.651399
-51.8699,-0.0000,45.8054,0.651687
-51.9142,-0.0000,45.8757,0.651960
-51.9648,-0.0000,45.9518,0.652249
-52.0132,-0.0000,46.0206,0.652483
-52.0687,-0.0000,46.0949,0.652694
-52.1268,-0.0000,46.1683,0.652924
-52.1769,-0.0000,46.2289,0.653104
-52.2395,-0.0000,46.3007,0.653370
-52.2980,-0.0000,46.3640,0.653628
-52.3560,-0.0000,46.4257,0.653882
-52.4197,-0.0000,46.4937,0.654210
-52.4787,-0.0000,46.5573,0.654558
-52.5366,-0.0000,46.6205,0.654972
-52.5934,-0.0000,46.6852,0.655539
-52.6486,-0.0000,46.7516,0.656501
-52.7058,-0.0000,46.8252,0.656946
-52.7547,-0.0000,46.8935,0.657367
-52.7991,-0.0000,46.9625,0.657860
-52.8419,-0.0000,47.0382,0.658450
-52.8786,-0.0000,47.1139,0.659289
-52.9095,-0.0000,47.1892,0.661209
-52.9331,-0.0000,47.2571,0.662103
-52.9545,-0.0000,47.3342,0.662778
-52.9713,-0.0000,47.4119,0.663332
-52.9844,-0.0000,47.4884,0.663799
-52.9942,-0.0000,47.5634,0.664207
-53.0005,-0.0000,47.6311,0.664685
-53.0044,-0.0000,47.6981,0.665261
-53.0067,-0.0000,47.7753,0.665786
-53.0109,-0.0000,47.8528,0.666241
-53.0172,-0.0000,47.9244,0.666617
-53.0264,-0.0000,48.0029,0.666993
-53.0380,-0.0000,48.0811,0.667326
-53.0519,-0.0000,48.1596,0.667655
-53.0680,-0.0000,48.2380,0.667968
-53.0864,-0.0000,48.3166,0.668266
-53.1073,-0.0000,48.3953,0.668559
-53.1317,-0.0000,48.4766,0.668872
-53.1517,-0.0000,48.5470,0.669153
-53.1684,-0.0000,48.6163,0.669474
-53.1829,-0.0000,48.6902,0.669818
-53.1929,-0.0000,48.7573,0.670142
-53.1995,-0.0000,48.8229,0.670482
-53.2026,-0.0000,48.8918,0.670869
-53.2013,-0.0000,48.9577,0.671283
-53.1950,-0.0000,49.0235,0.671686
-53.1863,-0.0000,49.0797,0.672069
-53.1751,-0.0000,49.1466,0.672527
-53.1616,-0.0000,49.2206,0.672937
-53.1490,-0.0000,49.2858,0.673300
-53.1341,-0.0000,49.3580,0.673702
-53.1169,-0.0000,49.4314,0.674125
-53.0967,-0.0000,49.5056,0.674551
-53.0750,-0.0000,49.5740,0.674981
-53.0487,-0.0000,49.6475,0.675422
-53.0225,-0.0000,49.7142,0.675888
-52.9948,-0.0000,49.7797,0.676365
-52.9635,-0.0000,49.8490,0.676828
-52.9335,-0.0000,49.9114,0.677180
-52.9026,-0.0000,49.9722,0.677603
-52.8682,-0.0000,50.0360,0.678033
-52.8327,-0.0000,50.0976,0.678506
-52.7990,-0.0000,50.1530,0.678944
-52.7606,-0.0000,50.2128,0.679468
-52.7200,-0.0000,50.2728,0.680059
-52.6780,-0.0000,50.3314,0.680871
-52.6299,-0.0000,50.3991,0.681655
-52.5856,-0.0000,50.4657,0.682148
-52.5415,-0.0000,50.5361,0.682534
-52.4984,-0.0000,50.6099,0.682940
-52.4565,-0.0000,50.6859,0.683286
-52.4165,-0.0000,50.7632,0.683594
-52.3839,-0.0000,50.8288,0.683870
-52.3498,-0.0000,50.8915,0.684141
-52.3109,-0.0000,50.9565,0.684374
-52.2701,-0.0000,51.0177,0.684733
-52.2312,-0.0000,51.0706,0.685151
-52.1872,-0.0000,51.1244,0.685530
-52.1452,-0.0000,51.1709,0.685841
-52.0973,-0.0000,51.2189,0.686145
-52.0436,-0.0000,51.2662,0.686445
-51.9851,-0.0000,51.3116,0.686686
-51.9240,-0.0000,51.3546,0.686966
-51.8605,-0.0000,51.3955,0.687203
-51.7946,-0.0000,51.4343,0.687440
-51.7265,-0.0000,51.4711,0.687676
-51.6517,-0.0000,51.5073,0.687893
-51.5751,-0.0000,51.5437,0.688102
-51.4987,-0.0000,51.5822,0.688331
-51.4224,-0.0000,51.6232,0.688505
-51.3463,-0.0000,51.6666,0.688721
-51.2772,-0.0000,51.7086,0.688928
-51.2023,-0.0000,51.7566,0.689155
-51.1282,-0.0000,51.8072,0.689385
-51.0609,-0.0000,51.8557,0.689608
-50.9943,-0.0000,51.9065,0.689835
-50.9295,-0.0000,51.9590,0.690057
-50.8671,-0.0000,52.0109,0.690284
-50.7991,-0.0000,52.0670,0.690550
-50.7369,-0.0000,52.1182,0.690765
-50.6744,-0.0000,52.1695,0.691027
-50.6050,-0.0000,52.2264,0.691289
-50.5456,-0.0000,52.2752,0.691546
-50.4722,-0.0000,52.3355,0.691855
-50.3966,-0.0000,52.3976,0.692207
-50.3199,-0.0000,52.4606,0.692512
-50.2426,-0.0000,52.5225,0.692805
-50.1625,-0.0000,52.5829,0.693090
-50.0794,-0.0000,52.6413,0.693395
-49.9935,-0.0000,52.6970,0.693696
-49.9057,-0.0000,52.7491,0.694056
-49.8164,-0.0000,52.7967,0.694420
-49.7268,-0.0000,52.8381,0.694783
-49.6367,-0.0000,52.8786,0.695178
-49.5470,-0.0000,52.9209,0.695663
-49.4575,-0.0000,52.9657,0.696238
-49.3683,-0.0000,53.0131,0.696824
-49.2794,-0.0000,53.0634,0.697304
-49.1915,-0.0000,53.1163,0.697781
-49.1082,-0.0000,53.1683,0.698226
-49.0338,-0.0000,53.2131,0.698620
-48.9519,-0.0000,53.2594,0.699054
-48.8699,-0.0000,53.3022,0.699448
-48.7878,-0.0000,53.3412,0.699854
-48.7059,-0.0000,53.3762,0.700280
-48.6243,-0.0000,53.4071,0.700655
-48.5358,-0.0000,53.4361,0.701223
-48.4544,-0.0000,53.4586,0.701665
-48.3649,-0.0000,53.4793,0.702087
-48.2749,-0.0000,53.4962,0.702513
-48.1881,-0.0000,53.5080,0.702861
-48.0904,-0.0000,53.5161,0.703231
-47.9884,-0.0000,53.5182,0.703567
-47.8855,-0.0000,53.5145,0.703878
-47.7837,-0.0000,53.5087,0.704182
-47.6902,-0.0000,53.5041,0.704447
-47.5867,-0.0000,53.5008,0.704758
-47.4819,-0.0000,53.4998,0.705139
-47.3849,-0.0000,53.5011,0.705485
-47.2868,-0.0000,53.5048,0.705799
-47.1697,-0.0000,53.5122,0.706172
-47.0697,-0.0000,53.5211,0.706486
-46.9610,-0.0000,53.5338,0.706808
-46.8636,-0.0000,53.5468,0.707083
-46.7579,-0.0000,53.5610,0.707398
-46.6623,-0.0000,53.5733,0.707681
-46.5576,-0.0000,53.5854,0.707963
-46.4525,-0.0000,53.5969,0.708246
-46.3474,-0.0000,53.6083,0.708529
-46.2425,-0.0000,53.6195,0.708808
-46.1289,-0.0000,53.6315,0.709151
-46.0264,-0.0000,53.6421,0.709462
-45.9185,-0.0000,53.6509,0.709800
-45.8206,-0.0000,53.6552,0.710091
-45.7165,-0.0000,53.6556,0.710414
-45.6225,-0.0000,53.6518,0.710725
-45.5307,-0.0000,53.6438,0.710993
-45.4327,-0.0000,53.6297,0.711268
-45.3329,-0.0000,53.6143,0.711536
-45.2307,-0.0000,53.6011,0.711835
-45.1254,-0.0000,53.5904,0.712103
-45.0263,-0.0000,53.5830,0.712354
-44.9248,-0.0000,53.5779,0.712630
-44.8127,-0.0000,53.5751,0.712935
-44.7022,-0.0000,53.5742,0.713247
-44.6008,-0.0000,53.5734,0.713536
-44.4903,-0.0000,53.5724,0.713840
-44.3981,-0.0000,53.5715,0.714086
-44.2872,-0.0000,53.5705,0.714410
-44.1739,-0.0000,53.5699,0.714687
-44.0698,-0.0000,53.5714,0.714964
-43.9572,-0.0000,53.5745,0.715273
-43.8334,-0.0000,53.5785,0.715597
-43.7293,-0.0000,53.5815,0.715870
-43.6109,-0.0000,53.5826,0.716182
-43.4893,-0.0000,53.5833,0.716487
-43.3754,-0.0000,53.5837,0.716783
-43.2493,-0.0000,53.5843,0.717077
-43.1222,-0.0000,53.5850,0.717382
-42.9944,-0.0000,53.5858,0.717710
-42.8664,-0.0000,53.5866,0.718027
-42.7487,-0.0000,53.5873,0.718372
-42.6202,-0.0000,53.5880,0.718739
-42.4908,-0.0000,53.5888,0.719103
-42.3704,-0.0000,53.5895,0.719490
-42.2364,-0.0000,53.5904,0.719921
-42.1111,-0.0000,53.5912,0.720366
-41.9833,-0.0000,53.5920,0.720813
-41.8410,-0.0000,53.5930,0.721186
-41.6959,-0.0000,53.5940,0.721625
-41.5479,-0.0000,53.5950,0.722077
-41.3970,-0.0000,53.5961,0.722575
-41.2430,-0.0000,53.5973,0.723172
-41.0862,-0.0000,53.5984,0.723855
-40.9130,-0.0000,53.5998,0.724789
-40.7502,-0.0000,53.6011,0.725638
-40.5983,-0.0000,53.6023,0.726295
-40.4440,-0.0000,53.6036,0.726893
-40.2729,-0.0000,53.6050,0.727510
-40.1138,-0.0000,53.6064,0.728041
-39.9387,-0.0000,53.6079,0.728572
-39.7775,-0.0000,53.6094,0.729206
-39.6160,-0.0000,53.6109,0.729816
-39.4546,-0.0000,53.6124,0.730386
-39.2932,-0.0000,53.6139,0.730886
-39.1318,-0.0000,53.6154,0.731367
-38.9706,-0.0000,53.6170,0.731820
-38.7948,-0.0000,53.6187,0.732266
-38.6484,-0.0000,53.6202,0.732625
-38.4875,-0.0000,53.6218,0.733094
-38.3267,-0.0000,53.6235,0.733576
-38.1652,-0.0000,53.6252,0.734035
-37.9869,-0.0000,53.6271,0.734533
-37.8057,-0.0000,53.6290,0.735034
-37.6371,-0.0000,53.6309,0.735473
-37.4504,-0.0000,53.6330,0.735991
-37.2767,-0.0000,53.6350,0.736433
-37.1006,-0.0000,53.6370,0.736884
-36.9221,-0.0000,53.6391,0.737356
-36.7245,-0.0000,53.6414,0.737884
-36.5409,-0.0000,53.6436,0.738372
-36.3549,-0.0000,53.6459,0.738848
-36.1664,-0.0000,53.6483,0.739364
-35.9755,-0.0000,53.6507,0.739868
-35.7827,-0.0000,53.6531,0.740388
-35.5888,-0.0000,53.6557,0.740911
-35.3945,-0.0000,53.6582,0.741414
-35.2001,-0.0000,53.6608,0.741936
-35.0057,-0.0000,53.6634,0.742446
-34.8113,-0.0000,53.6661,0.742972
-34.6171,-0.0000,53.6688,0.743479
-34.4405,-0.0000,53.6713,0.743954
-34.2465,-0.0000,53.6741,0.744468
-34.0702,-0.0000,53.6766,0.744932
-33.8941,-0.0000,53.6792,0.745390
-33.6828,-0.0000,53.6823,0.745951
-33.4718,-0.0000,53.6855,0.746523
-33.2609,-0.0000,53.6887,0.747088
-33.0502,-0.0000,53.6920,0.747645
-32.8571,-0.0000,53.6950,0.748146
-32.6642,-0.0000,53.6980,0.748663
-32.4538,-0.0000,53.7014,0.749230
-32.2611,-0.0000,53.7045,0.749737
-32.0686,-0.0000,53.7077,0.750240
-31.8587,-0.0000,53.7111,0.750813
-31.6490,-0.0000,53.7147,0.751367
-31.4569,-0.0000,53.7179,0.751894
-31.2647,-0.0000,53.7212,0.752389
-31.0709,-0.0000,53.7245,0.752915
-30.8570,-0.0000,53.7283,0.753475
-30.6584,-0.0000,53.7317,0.754003
-30.4585,-0.0000,53.7352,0.754523
-30.2545,-0.0000,53.7379,0.755071
-30.0319,-0.0000,53.7410,0.755678
-29.8291,-0.0000,53.7423,0.756241
-29.6270,-0.0000,53.7399,0.756773
-29.4266,-0.0000,53.7328,0.757333
-29.2216,-0.0000,53.7190,0.757876
-28.9979,-0.0000,53.7011,0.758485
-28.7923,-0.0000,53.6858,0.759027
-28.5683,-0.0000,53.6722,0.759625
-28.3637,-0.0000,53.6615,0.760191
-28.1586,-0.0000,53.6513,0.760733
-27.9532,-0.0000,53.6412,0.761251
-27.7477,-0.0000,53.6310,0.761759
-27.5423,-0.0000,53.6206,0.762299
-27.3369,-0.0000,53.6101,0.762871
-27.1317,-0.0000,53.5996,0.763466
-26.9265,-0.0000,53.5892,0.764125
-26.7029,-0.0000,53.5779,0.764894
-26.5166,-0.0000,53.5685,0.765562
-26.3118,-0.0000,53.5582,0.766219
-26.1073,-0.0000,53.5477,0.766844
-25.9040,-0.0000,53.5372,0.767454
-25.7040,-0.0000,53.5256,0.768028
-25.5238,-0.0000,53.5121,0.768547
-25.3278,-0.0000,53.4932,0.769105
-25.1346,-0.0000,53.4692,0.769709
-24.9409,-0.0000,53.4386,0.770286
-24.7632,-0.0000,53.4052,0.770832
-24.5510,-0.0000,53.3629,0.771429
-24.3559,-0.0000,53.3246,0.771979
-24.1592,-0.0000,53.2882,0.772525
-23.9453,-0.0000,53.2517,0.773095
-23.7489,-0.0000,53.2196,0.773639
-23.5340,-0.0000,53.1846,0.774239
-23.3368,-0.0000,53.1525,0.774779
-23.1396,-0.0000,53.1202,0.775343
-22.9424,-0.0000,53.0878,0.775872
-22.7453,-0.0000,53.0554,0.776428
-22.5483,-0.0000,53.0231,0.776977
-22.3521,-0.0000,52.9910,0.777462
-22.1414,-0.0000,52.9555,0.777994
-21.9681,-0.0000,52.9235,0.778495
-21.7799,-0.0000,52.8847,0.779048
-21.5948,-0.0000,52.8416,0.779663
-21.4134,-0.0000,52.7938,0.780377
-21.2296,-0.0000,52.7376,0.781138
-21.0637,-0.0000,52.6823,0.781767
-20.8823,-0.0000,52.6202,0.782432
-20.7167,-0.0000,52.5641,0.783034
-20.5684,-0.0000,52.5153,0.783550
-20.4395,-0.0000,52.4730,0.783984
-20.2320,-0.0000,52.4010,0.784688
-20.0439,-0.0000,52.3301,0.785296
-19.8754,-0.0000,52.2609,0.785830
-19.7099,-0.0000,52.1858,0.786399
-19.5587,-0.0000,52.1094,0.786965
-19.3959,-0.0000,52.0215,0.787589
-19.2490,-0.0000,51.9403,0.788246
-19.0868,-0.0000,51.8509,0.789088
-18.9226,-0.0000,51.7623,0.789864
-18.7711,-0.0000,51.6828,0.790550
-18.6045,-0.0000,51.5983,0.791268
-18.4371,-0.0000,51.5147,0.791919
-18.2843,-0.0000,51.4386,0.792492
-18.1313,-0.0000,51.3625,0.793041
-17.9632,-0.0000,51.2787,0.793614
-17.8123,-0.0000,51.2031,0.794163
-17.6495,-0.0000,51.1192,0.794811
-17.4898,-0.0000,51.0327,0.795530
-17.3481,-0.0000,50.9515,0.796256
-17.1963,-0.0000,50.8593,0.797191
-17.0624,-0.0000,50.7727,0.797992
-16.9327,-0.0000,50.6834,0.798714
-16.8068,-0.0000,50.5904,0.799385
-16.6571,-0.0000,50.4686,0.800127
-16.5371,-0.0000,50.3638,0.800707
-16.4081,-0.0000,50.2468,0.801330
-16.2912,-0.0000,50.1398,0.801871
-16.1494,-0.0000,50.0112,0.802551
-16.0290,-0.0000,49.9042,0.803195
-15.8814,-0.0000,49.7767,0.804044
-15.7578,-0.0000,49.6732,0.804885
-15.6208,-0.0000,49.5597,0.805909
-15.4832,-0.0000,49.4462,0.806781
-15.3453,-0.0000,49.3325,0.807539
-15.2069,-0.0000,49.2183,0.808230
-15.0802,-0.0000,49.1137,0.808820
-14.9397,-0.0000,48.9977,0.809412
-14.7981,-0.0000,48.8809,0.809997
-14.6683,-0.0000,48.7739,0.810601
-14.5246,-0.0000,48.6554,0.811369
-14.3804,-0.0000,48.5364,0.812274
-14.2494,-0.0000,48.4282,0.813359
-14.1068,-0.0000,48.3102,0.814431
-13.9801,-0.0000,48.2031,0.815190
-13.8443,-0.0000,48.0835,0.815885
-13.7249,-0.0000,47.9728,0.816463
-13.6097,-0.0000,47.8604,0.816993
-13.4883,-0.0000,47.7347,0.817661
-13.3828,-0.0000,47.6187,0.818324
-13.2722,-0.0000,47.4895,0.818968
-13.1676,-0.0000,47.3588,0.819541
-13.0767,-0.0000,47.2352,0.820020
-12.9818,-0.0000,47.0921,0.820511
-12.8945,-0.0000,46.9472,0.820967
-12.8128,-0.0000,46.8012,0.821407
-12.7338,-0.0000,46.6543,0.821936
-12.6548,-0.0000,46.5063,0.822437
-12.5669,-0.0000,46.3438,0.822990
-12.4839,-0.0000,46.1939,0.823480
-12.3898,-0.0000,46.0300,0.824001
-12.3018,-0.0000,45.8822,0.824478
-12.2135,-0.0000,45.7358,0.824932
-12.1275,-0.0000,45.5906,0.825398
-12.0381,-0.0000,45.4315,0.825848
-11.9612,-0.0000,45.2852,0.826282
-11.8896,-0.0000,45.1385,0.826748
-11.8279,-0.0000,44.9997,0.827194
-11.7628,-0.0000,44.8443,0.827714
-11.6979,-0.0000,44.6888,0.828281
-11.6311,-0.0000,44.5333,0.828923
-11.5614,-0.0000,44.3776,0.829565
-11.4897,-0.0000,44.2247,0.830109
-11.4167,-0.0000,44.0716,0.830670
-11.3431,-0.0000,43.9175,0.831246
-11.2706,-0.0000,43.7630,0.831861
-11.1999,-0.0000,43.6051,0.832496
-11.1359,-0.0000,43.4552,0.833095
-11.0640,-0.0000,43.2869,0.833847
-10.9902,-0.0000,43.1192,0.834557
-10.9081,-0.0000,42.9361,0.835238
-10.8391,-0.0000,42.7831,0.835759
-10.7629,-0.0000,42.6148,0.836292
-10.6868,-0.0000,42.4464,0.836790
-10.6108,-0.0000,42.2780,0.837260
-10.5349,-0.0000,42.1096,0.837791
-10.4591,-0.0000,41.9413,0.838338
-10.3834,-0.0000,41.7732,0.838861
-10.3087,-0.0000,41.6068,0.839373
-10.2366,-0.0000,41.4422,0.839876
-10.1744,-0.0000,41.2928,0.840317
-10.1106,-0.0000,41.1285,0.840790
-10.0524,-0.0000,40.9645,0.841254
-10.0002,-0.0000,40.7991,0.841738
-9.9533,-0.0000,40.6277,0.842229
-9.9095,-0.0000,40.4562,0.842713
-9.8653,-0.0000,40.2846,0.843196
-9.8191,-0.0000,40.1123,0.843676
-9.7700,-0.0000,39.9394,0.844155
-9.7187,-0.0000,39.7689,0.844627
-9.6664,-0.0000,39.5982,0.845099
-9.6136,-0.0000,39.4272,0.845573
-9.5609,-0.0000,39.2561,0.846042
-9.5083,-0.0000,39.0850,0.846518
-9.4511,-0.0000,38.8986,0.847038
-9.3993,-0.0000,38.7290,0.847511
-9.3455,-0.0000,38.5467,0.848023
-9.3002,-0.0000,38.3802,0.848492
-9.2593,-0.0000,38.2144,0.848965
-9.2233,-0.0000,38.0490,0.849449
-9.1899,-0.0000,37.8625,0.849965
-9.1633,-0.0000,37.6883,0.850438
-9.1372,-0.0000,37.5132,0.850907
-9.1095,-0.0000,37.3363,0.851392
-9.0789,-0.0000,37.1575,0.851876
-9.0456,-0.0000,36.9800,0.852361
-9.0080,-0.0000,36.7861,0.852885
-8.9699,-0.0000,36.5916,0.853416
-8.9349,-0.0000,36.4132,0.853888
-8.8969,-0.0000,36.2186,0.854414
-8.8590,-0.0000,36.0240,0.854937
-8.8211,-0.0000,35.8295,0.855479
-8.7830,-0.0000,35.6349,0.856017
-8.7447,-0.0000,35.4389,0.856567
-8.7092,-0.0000,35.2573,0.857081
-8.6708,-0.0000,35.0588,0.857630
-8.6349,-0.0000,34.8596,0.858166
-8.6028,-0.0000,34.6587,0.858727
-8.5755,-0.0000,34.4564,0.859326
-8.5543,-0.0000,34.2525,0.859950
-8.5407,-0.0000,34.0425,0.860609
-8.5313,-0.0000,33.8331,0.861307
-8.5229,-0.0000,33.6410,0.861968
-8.5115,-0.0000,33.4301,0.862639
-8.4982,-0.0000,33.2372,0.863240
-8.4818,-0.0000,33.0276,0.863852
-8.4664,-0.0000,32.8348,0.864390
-8.4508,-0.0000,32.6417,0.864909
-8.4340,-0.0000,32.4310,0.865439
-8.4173,-0.0000,32.2204,0.866055
-8.4007,-0.0000,32.0098,0.866652
-8.3840,-0.0000,31.7994,0.867236
-8.3686,-0.0000,31.6066,0.867757
-8.3533,-0.0000,31.4139,0.868282
-8.3366,-0.0000,31.2038,0.868843
-8.3214,-0.0000,31.0113,0.869353
-8.3067,-0.0000,30.8200,0.869880
-8.2933,-0.0000,30.6114,0.870465
-8.2841,-0.0000,30.4018,0.871047
-8.2801,-0.0000,30.2093,0.871586
-8.2817,-0.0000,29.9954,0.872179
-8.2889,-0.0000,29.7948,0.872714
-8.2993,-0.0000,29.5762,0.873295
-8.3092,-0.0000,29.3568,0.873879
-8.3162,-0.0000,29.1365,0.874470
-8.3205,-0.0000,28.9176,0.875057
-8.3239,-0.0000,28.7163,0.875589
-8.3275,-0.0000,28.4962,0.876176
-8.3309,-0.0000,28.2944,0.876713
-8.3348,-0.0000,28.0742,0.877296
-8.3388,-0.0000,27.8542,0.877881
-8.3424,-0.0000,27.6525,0.878415
-8.3463,-0.0000,27.4327,0.879003
-8.3501,-0.0000,27.2131,0.879584
-8.3536,-0.0000,27.0118,0.880117
-8.3572,-0.0000,26.8107,0.880651
-8.3611,-0.0000,26.5915,0.881231
-8.3644,-0.0000,26.4089,0.881713
-8.3677,-0.0000,26.2265,0.882198
-8.3716,-0.0000,26.0077,0.882782
-8.3752,-0.0000,25.8073,0.883310
-8.3791,-0.0000,25.5888,0.883890
-8.3831,-0.0000,25.3705,0.884470
-8.3871,-0.0000,25.1524,0.885053
-8.3911,-0.0000,24.9344,0.885636
-8.3947,-0.0000,24.7347,0.886166
-8.3987,-0.0000,24.5170,0.886744
-8.4028,-0.0000,24.2995,0.887325
-8.4072,-0.0000,24.0640,0.887949
-8.4109,-0.0000,23.8647,0.888487
-8.4150,-0.0000,23.6454,0.889072
-8.4192,-0.0000,23.4233,0.889672
-8.4234,-0.0000,23.1984,0.890270
-8.4277,-0.0000,22.9706,0.890879
-8.4321,-0.0000,22.7400,0.891497
-8.4362,-0.0000,22.5262,0.892068
-8.4407,-0.0000,22.2910,0.892697
-8.4448,-0.0000,22.0747,0.893275
-8.4489,-0.0000,21.8583,0.893845
-8.4531,-0.0000,21.6419,0.894427
-8.4572,-0.0000,21.4256,0.895004
-8.4614,-0.0000,21.2093,0.895582
-8.4659,-0.0000,20.9735,0.896206
-8.4704,-0.0000,20.7377,0.896835
-8.4743,-0.0000,20.5219,0.897409
-8.4784,-0.0000,20.2866,0.898024
-8.4826,-0.0000,20.0515,0.898638
-8.4871,-0.0000,19.7970,0.899311
-8.4908,-0.0000,19.5818,0.899894
-8.4949,-0.0000,19.3472,0.900540
-8.4986,-0.0000,19.1323,0.901150
-8.5026,-0.0000,18.8980,0.901825
-8.5063,-0.0000,18.6834,0.902416
-8.5102,-0.0000,18.4494,0.903064
-8.5141,-0.0000,18.2157,0.903715
-8.5176,-0.0000,18.0015,0.904321
-8.5211,-0.0000,17.7875,0.904931
-8.5246,-0.0000,17.5737,0.905533
-8.5283,-0.0000,17.3406,0.906194
-8.5317,-0.0000,17.1270,0.906795
-8.5347,-0.0000,16.9330,0.907339
-8.5377,-0.0000,16.7391,0.907883
-8.5410,-0.0000,16.5259,0.908472
-8.5443,-0.0000,16.3130,0.909058
-8.5481,-0.0000,16.0612,0.909756
-8.5510,-0.0000,15.8475,0.910347
-8.5530,-0.0000,15.6151,0.910991
-8.5544,-0.0000,15.3828,0.911628
-8.5553,-0.0000,15.1515,0.912265
-8.5568,-0.0000,14.9200,0.912890
-8.5584,-0.0000,14.6887,0.913522
-8.5601,-0.0000,14.4768,0.914098
-8.5619,-0.0000,14.2459,0.914735
-8.5637,-0.0000,14.0153,0.915356
-8.5655,-0.0000,13.7848,0.915984
-8.5673,-0.0000,13.5545,0.916605
-8.5689,-0.0000,13.3435,0.917166
-8.5706,-0.0000,13.1136,0.917795
-8.5722,-0.0000,12.8819,0.918420
-8.5721,-0.0000,12.6718,0.918988
-8.5719,-0.0000,12.4617,0.919549
-8.5720,-0.0000,12.2507,0.920110
-8.5719,-0.0000,12.0399,0.920675
-8.5714,-0.0000,11.8491,0.921187
-8.5708,-0.0000,11.6570,0.921699
-8.5684,-0.0000,11.4271,0.922309
-8.5659,-0.0000,11.2186,0.922874
-8.5642,-0.0000,10.9896,0.923476
-8.5625,-0.0000,10.7613,0.924082
-8.5610,-0.0000,10.5332,0.924692
-8.5596,-0.0000,10.3053,0.925306
-8.5583,-0.0000,10.0966,0.925860
-8.5569,-0.0000,9.8691,0.926466
-8.5556,-0.0000,9.6607,0.927020
-8.5543,-0.0000,9.4525,0.927574
-8.5529,-0.0000,9.2255,0.928176
-8.5516,-0.0000,9.0176,0.928726
-8.5503,-0.0000,8.8097,0.929276
-8.5489,-0.0000,8.6023,0.929830
-8.5477,-0.0000,8.3950,0.930384
-8.5467,-0.0000,8.1690,0.930983
-8.5459,-0.0000,7.9619,0.931529
-8.5452,-0.0000,7.7362,0.932132
-8.5447,-0.0000,7.5295,0.932674
-8.5442,-0.0000,7.3041,0.933277
-8.5437,-0.0000,7.0789,0.933872
-8.5434,-0.0000,6.8539,0.934468
-8.5432,-0.0000,6.6290,0.935063
-8.5431,-0.0000,6.4043,0.935658
-8.5431,-0.0000,6.1798,0.936254
-8.5433,-0.0000,5.9576,0.936849
-8.5460,-0.0000,5.7386,0.937444
-8.5527,-0.0000,5.5397,0.937987
-8.5661,-0.0000,5.3191,0.938579
-8.5823,-0.0000,5.0969,0.939166
-8.5969,-0.0000,4.8741,0.939758
-8.6075,-0.0000,4.6718,0.940293
-8.6180,-0.0000,4.4507,0.940881
-8.6280,-0.0000,4.2293,0.941469
-8.6372,-0.0000,4.0261,0.942008
-8.6464,-0.0000,3.8230,0.942547
-8.6567,-0.0000,3.6015,0.943134
-8.6671,-0.0000,3.3802,0.943715
-8.6765,-0.0000,3.1771,0.944250
-8.6865,-0.0000,2.9561,0.944838
-8.6963,-0.0000,2.7340,0.945422
-8.7048,-0.0000,2.5114,0.946006
-8.7110,-0.0000,2.3080,0.946537
-8.7169,-0.0000,2.0873,0.947121
-8.7232,-0.0000,1.8671,0.947706
-8.7304,-0.0000,1.6464,0.948286
-8.7376,-0.0000,1.4261,0.948866
-8.7450,-0.0000,1.2060,0.949450
-8.7523,-0.0000,0.9862,0.950031
-8.7589,-0.0000,0.7849,0.950562
-8.7661,-0.0000,0.5654,0.951135
-8.7731,0.0000,0.3460,0.951719
-8.7801,-0.0000,0.1269,0.952300
-8.7871,-0.0000,-0.0921,0.952880
-8.7935,0.0000,-0.2928,0.953408
-8.7997,0.0000,-0.4932,0.953936
-8.8060,0.0000,-0.6936,0.954463
-8.8121,-0.0000,-0.8938,0.954995
-8.8182,0.0000,-1.0939,0.955523
-8.8237,0.0000,-1.2757,0.956002
-8.8296,0.0000,-1.4756,0.956533
-8.8355,0.0000,-1.6753,0.957058
-8.8418,0.0000,-1.8931,0.957631
-8.8475,0.0000,-2.0925,0.958163
-8.8537,0.0000,-2.3100,0.958732
-8.8596,0.0000,-2.5277,0.959313
-8.8647,0.0000,-2.7270,0.959834
-8.8697,0.0000,-2.9444,0.960408
-8.8747,0.0000,-3.1797,0.961031
-8.8787,0.0000,-3.3785,0.961556
-8.8834,0.0000,-3.6129,0.962172
-8.8880,0.0000,-3.8293,0.962739
-8.8927,0.0000,-4.0455,0.963317
-8.8973,0.0000,-4.2616,0.963888
-8.9015,0.0000,-4.4594,0.964411
-8.9059,0.0000,-4.6751,0.964979
-8.9100,0.0000,-4.8727,0.965506
-8.9139,0.0000,-5.0704,0.966025
-8.9174,0.0000,-5.2896,0.966593
-8.9168,0.0000,-5.5102,0.967161
-8.9113,0.0000,-5.7123,0.967678
-8.9009,0.0000,-5.9269,0.968250
-8.8907,0.0000,-6.1228,0.968768
-8.8819,0.0000,-6.3361,0.969335
-8.8755,0.0000,-6.5522,0.969895
-8.8674,0.0000,-6.7850,0.970505
-8.8596,0.0000,-6.9968,0.971061
-8.8530,0.0000,-7.2100,0.971632
-8.8463,0.0000,-7.4227,0.972193
-8.8397,0.0000,-7.6351,0.972761
-8.8332,0.0000,-7.8473,0.973322
-8.8268,0.0000,-8.0593,0.973883
-8.8204,0.0000,-8.2710,0.974436
-8.8141,0.0000,-8.4827,0.974997
-8.8077,0.0000,-8.6941,0.975559
-8.8014,0.0000,-8.9054,0.976119
-8.7956,0.0000,-9.0990,0.976637
-8.7894,0.0000,-9.3100,0.977197
-8.7838,0.0000,-9.5031,0.977710
-8.7779,0.0000,-9.7136,0.978262
-8.7721,0.0000,-9.9240,0.978819
-8.7665,0.0000,-10.1343,0.979374
-8.7615,0.0000,-10.3269,0.979892
-8.7565,0.0000,-10.5194,0.980401
-8.7512,0.0000,-10.7293,0.980958
-8.7463,0.0000,-10.9215,0.981468
-8.7411,0.0000,-11.1311,0.982025
-8.7359,0.0000,-11.3405,0.982578
-8.7312,0.0000,-11.5323,0.983083
-8.7262,0.0000,-11.7414,0.983640
-8.7213,0.0000,-11.9504,0.984199
-8.7169,0.0000,-12.1418,0.984705
-8.7118,0.0000,-12.3678,0.985304
-8.7071,0.0000,-12.5763,0.985854
-8.7026,0.0000,-12.7847,0.986409
-8.6981,0.0000,-12.9929,0.986963
-8.6940,0.0000,-13.1844,0.987468
-8.6897,0.0000,-13.3951,0.988028
-8.6853,0.0000,-13.6082,0.988600
-8.6810,0.0000,-13.8239,0.989167
-8.6770,0.0000,-14.0240,0.989702
-8.6728,0.0000,-14.2447,0.990286
-8.6685,0.0000,-14.4677,0.990874
-8.6647,0.0000,-14.6733,0.991418
-8.6606,0.0000,-14.8981,0.992021
-8.6570,0.0000,-15.1042,0.992567
-8.6531,0.0000,-15.3290,0.993163
-8.6493,0.0000,-15.5537,0.993762
-8.6459,0.0000,-15.7596,0.994313
-8.6424,0.0000,-15.9832,0.994900
-8.6402,0.0000,-16.1849,0.995446
-8.6416,0.0000,-16.4029,0.996046
-8.6466,0.0000,-16.5828,0.996544
-8.6582,0.0000,-16.7963,0.997143
-8.6780,0.0000,-17.0145,0.997725
-8.7040,0.0000,-17.2502,0.998365
-8.7276,0.0000,-17.4680,0.998947
-8.7503,0.0000,-17.7056,0.999596
